/*
 Navicat Premium Data Transfer

 Source Server         : localhost
 Source Server Type    : MySQL
 Source Server Version : 50730
 Source Host           : 127.0.0.1:3306
 Source Schema         : cafebiz_laravel

 Target Server Type    : MySQL
 Target Server Version : 50730
 File Encoding         : 65001

 Date: 03/07/2020 22:37:24
*/

SET NAMES utf8mb4;
SET FOREIGN_KEY_CHECKS = 0;

-- ----------------------------
-- Table structure for comments
-- ----------------------------
DROP TABLE IF EXISTS `comments`;
CREATE TABLE `comments` (
  `id` int(20) NOT NULL AUTO_INCREMENT,
  `user_id` int(20) DEFAULT NULL,
  `post_id` int(20) DEFAULT NULL,
  `content_comment` varchar(191) COLLATE utf8_unicode_ci DEFAULT NULL,
  `deleted_at` timestamp NULL DEFAULT NULL,
  `created_at` timestamp NULL DEFAULT NULL ON UPDATE CURRENT_TIMESTAMP,
  `updated_at` timestamp NULL DEFAULT NULL ON UPDATE CURRENT_TIMESTAMP,
  PRIMARY KEY (`id`)
) ENGINE=InnoDB AUTO_INCREMENT=53 DEFAULT CHARSET=utf8 COLLATE=utf8_unicode_ci;

-- ----------------------------
-- Records of comments
-- ----------------------------
BEGIN;
INSERT INTO `comments` VALUES (1, 2, 1, 'comment', '2019-11-11 04:06:19', '2019-11-11 11:06:19', '2019-11-11 04:06:19');
INSERT INTO `comments` VALUES (3, 3, 3, '1', '2019-11-11 04:06:14', '2019-11-11 11:06:14', '2019-11-11 04:06:14');
INSERT INTO `comments` VALUES (4, 14, 1, 'ertwert', '2019-11-10 04:34:40', '2019-11-10 11:34:40', '2019-11-10 04:34:40');
INSERT INTO `comments` VALUES (5, 14, 1, 'cmm comment', NULL, '2019-11-10 04:29:08', '2019-11-10 04:29:08');
INSERT INTO `comments` VALUES (6, 8, 5, 'hay', NULL, '2019-11-11 02:37:54', '2019-11-11 02:37:54');
INSERT INTO `comments` VALUES (22, 8, 5, 'được', NULL, '2019-11-11 03:49:23', '2019-11-11 03:49:23');
INSERT INTO `comments` VALUES (23, 8, 5, 'cũng thường thôi', NULL, '2019-11-11 03:49:46', '2019-11-11 03:49:46');
INSERT INTO `comments` VALUES (24, 8, 6, 'hay phết', NULL, '2019-11-11 03:50:07', '2019-11-11 03:50:07');
INSERT INTO `comments` VALUES (25, 1, 14, 'hu hí', NULL, '2019-11-11 03:56:25', '2019-11-11 03:56:25');
INSERT INTO `comments` VALUES (26, 8, 14, 'hay', NULL, '2019-11-11 03:57:24', '2019-11-11 03:57:24');
INSERT INTO `comments` VALUES (27, 8, 14, 'đc', NULL, '2019-11-11 03:57:31', '2019-11-11 03:57:31');
INSERT INTO `comments` VALUES (28, 8, 6, 'thân ai nấy lo', NULL, '2019-11-11 03:57:46', '2019-11-11 03:57:46');
INSERT INTO `comments` VALUES (29, 8, 8, 'cũng thường thôi', NULL, '2019-11-11 03:58:54', '2019-11-11 03:58:54');
INSERT INTO `comments` VALUES (30, 8, 8, 'cũng thường thôi', NULL, '2019-11-11 03:59:04', '2019-11-11 03:59:04');
INSERT INTO `comments` VALUES (31, 8, 8, 'hay', NULL, '2019-11-11 03:59:27', '2019-11-11 03:59:27');
INSERT INTO `comments` VALUES (32, 8, 8, 'hay quá', NULL, '2019-11-11 04:00:18', '2019-11-11 04:00:18');
INSERT INTO `comments` VALUES (33, 8, 8, 'quá hay', NULL, '2019-11-11 04:00:29', '2019-11-11 04:00:29');
INSERT INTO `comments` VALUES (34, 8, 13, 'đc', NULL, '2019-11-11 04:00:57', '2019-11-11 04:00:57');
INSERT INTO `comments` VALUES (35, 8, 13, 'đc phết', NULL, '2019-11-11 04:01:09', '2019-11-11 04:01:09');
INSERT INTO `comments` VALUES (36, 8, 13, 'aa', NULL, '2019-11-11 04:01:24', '2019-11-11 04:01:24');
INSERT INTO `comments` VALUES (37, 8, 13, 'uiui', NULL, '2019-11-11 04:01:31', '2019-11-11 04:01:31');
INSERT INTO `comments` VALUES (38, 8, 13, 'gà', NULL, '2019-11-11 04:01:43', '2019-11-11 04:01:43');
INSERT INTO `comments` VALUES (39, 8, 13, 'pôpp', NULL, '2019-11-11 04:01:57', '2019-11-11 04:01:57');
INSERT INTO `comments` VALUES (40, 8, 13, 'pôppád', NULL, '2019-11-11 04:02:00', '2019-11-11 04:02:00');
INSERT INTO `comments` VALUES (41, 8, 7, 'hay', NULL, '2019-11-11 04:02:21', '2019-11-11 04:02:21');
INSERT INTO `comments` VALUES (42, 8, 7, 'đc', NULL, '2019-11-11 04:02:35', '2019-11-11 04:02:35');
INSERT INTO `comments` VALUES (43, 8, 9, 'ghê quá', NULL, '2019-11-11 04:03:01', '2019-11-11 04:03:01');
INSERT INTO `comments` VALUES (44, 8, 10, 'rằm', NULL, '2019-11-11 04:03:17', '2019-11-11 04:03:17');
INSERT INTO `comments` VALUES (45, 8, 11, 'quan vũ', NULL, '2019-11-11 04:03:35', '2019-11-11 04:03:35');
INSERT INTO `comments` VALUES (46, 8, 11, 'tào tháo', NULL, '2019-11-11 04:03:41', '2019-11-11 04:03:41');
INSERT INTO `comments` VALUES (47, 8, 12, 'núi', NULL, '2019-11-11 04:04:09', '2019-11-11 04:04:09');
INSERT INTO `comments` VALUES (48, 8, 11, 'đc đấy', NULL, '2019-11-11 04:04:36', '2019-11-11 04:04:36');
INSERT INTO `comments` VALUES (49, 1, 6, 'wer', NULL, '2019-11-11 09:57:28', '2019-11-11 09:57:28');
INSERT INTO `comments` VALUES (50, 1, 6, 'weryrty', NULL, '2019-11-11 09:57:31', '2019-11-11 09:57:31');
INSERT INTO `comments` VALUES (51, 1, 5, 'rty', NULL, '2019-11-11 10:22:51', '2019-11-11 10:22:51');
INSERT INTO `comments` VALUES (52, 1, 7, 'sdfsdf', NULL, '2019-11-11 10:23:08', '2019-11-11 10:23:08');
COMMIT;

-- ----------------------------
-- Table structure for permission_roles
-- ----------------------------
DROP TABLE IF EXISTS `permission_roles`;
CREATE TABLE `permission_roles` (
  `role_id` int(20) NOT NULL,
  `permission_id` int(20) NOT NULL,
  `deleted_at` timestamp NULL DEFAULT NULL,
  `created_at` timestamp NULL DEFAULT NULL ON UPDATE CURRENT_TIMESTAMP,
  `updated_at` timestamp NULL DEFAULT NULL ON UPDATE CURRENT_TIMESTAMP,
  PRIMARY KEY (`role_id`,`permission_id`)
) ENGINE=InnoDB DEFAULT CHARSET=utf8 COLLATE=utf8_unicode_ci;

-- ----------------------------
-- Records of permission_roles
-- ----------------------------
BEGIN;
INSERT INTO `permission_roles` VALUES (1, 1, NULL, NULL, NULL);
INSERT INTO `permission_roles` VALUES (2, 2, NULL, NULL, NULL);
INSERT INTO `permission_roles` VALUES (3, 3, NULL, NULL, NULL);
COMMIT;

-- ----------------------------
-- Table structure for permissions
-- ----------------------------
DROP TABLE IF EXISTS `permissions`;
CREATE TABLE `permissions` (
  `id` int(20) NOT NULL AUTO_INCREMENT,
  `title` varchar(191) COLLATE utf8_unicode_ci DEFAULT NULL,
  `name` varchar(191) COLLATE utf8_unicode_ci DEFAULT NULL,
  `deleted_at` timestamp NULL DEFAULT NULL,
  `created_at` timestamp NULL DEFAULT NULL ON UPDATE CURRENT_TIMESTAMP,
  `updated_at` timestamp NULL DEFAULT NULL ON UPDATE CURRENT_TIMESTAMP,
  PRIMARY KEY (`id`)
) ENGINE=InnoDB AUTO_INCREMENT=5 DEFAULT CHARSET=utf8 COLLATE=utf8_unicode_ci;

-- ----------------------------
-- Records of permissions
-- ----------------------------
BEGIN;
INSERT INTO `permissions` VALUES (1, 'root', 'root', NULL, '2019-11-09 18:33:02', '2019-11-09 18:33:02');
INSERT INTO `permissions` VALUES (2, 'view-post có thể quản lý bài viết của mình', 'view-post', NULL, '2019-11-09 15:44:52', '2019-11-09 15:44:52');
INSERT INTO `permissions` VALUES (3, 'view-user có thể quản lý user', 'view-user', NULL, '2019-11-09 18:32:56', '2019-11-09 18:32:56');
COMMIT;

-- ----------------------------
-- Table structure for posts
-- ----------------------------
DROP TABLE IF EXISTS `posts`;
CREATE TABLE `posts` (
  `id` bigint(20) unsigned NOT NULL AUTO_INCREMENT,
  `user_id` int(20) unsigned NOT NULL,
  `title` varchar(191) COLLATE utf8mb4_unicode_ci NOT NULL,
  `title_link` varchar(191) COLLATE utf8mb4_unicode_ci NOT NULL,
  `content_post` longtext COLLATE utf8mb4_unicode_ci NOT NULL,
  `image` varchar(191) COLLATE utf8mb4_unicode_ci DEFAULT NULL,
  `deleted_at` timestamp NULL DEFAULT NULL,
  `created_at` timestamp NULL DEFAULT NULL ON UPDATE CURRENT_TIMESTAMP,
  `updated_at` timestamp NULL DEFAULT NULL ON UPDATE CURRENT_TIMESTAMP,
  PRIMARY KEY (`id`)
) ENGINE=InnoDB AUTO_INCREMENT=15 DEFAULT CHARSET=utf8mb4 COLLATE=utf8mb4_unicode_ci;

-- ----------------------------
-- Records of posts
-- ----------------------------
BEGIN;
INSERT INTO `posts` VALUES (5, 2, 'Sức mạnh khủng khiếp của người tiêu dùng Trung Quốc: Alibaba thu về 10 tỷ USD chỉ sau 30 phút đầu tiên của Ngày Cô Đơn, các thương hiệu toàn cầu từ nhỏ đến lớn đều tham gia bán hàng', 'suc-manh-khung-khiep -cua-nguoi-tieu-dung-trung-quoc', '<p>Người ti&ecirc;u d&ugrave;ng Trung Quốc đ&atilde; ti&ecirc;u khoảng 10 tỷ USD chỉ trong chưa đầy 30 ph&uacute;t đầu ti&ecirc;n của ng&agrave;y C&ocirc; đơn (Singles&#39;s Day) 2019. Rất nhiều h&agrave;ng ho&aacute; được b&aacute;n ra từ thiết bị điện tử ti&ecirc;u d&ugrave;ng đến cả những m&oacute;n đồ xa xỉ như &ocirc; t&ocirc;. Con số n&agrave;y tương đương với 1/3 tổng gia trị giao dịch cả ng&agrave;y n&agrave;y v&agrave;o năm ngo&aacute;i, đạt 30,8 tỷ USD.&nbsp;</p>\n\n<p>T&iacute;nh đến thời điểm n&agrave;y, cập nhập của tờ SCMP th&igrave; tổng gi&aacute; trị giao dịch ng&agrave;y C&ocirc; đơn năm nay đ&atilde; đạt 30 tỷ USD, tức l&agrave; vượt qua cả con số v&agrave;o năm ngo&aacute;i.&nbsp;</p>\n\n<p>Singles&#39; Day h&agrave;ng năm đ&atilde; trở th&agrave;nh lễ hội mua sắm lớn nhất tr&ecirc;n thế giới do Alibaba khởi xướng. Ngo&agrave;i Tmall v&agrave; Taobao l&agrave; 2 nền tảng mua sắm truyền thống, năm nay Alibaba c&ograve;n mở rộng sang c&aacute;c nền tảng gồm Lazada, AliExpress với mong muốn thu h&uacute;t th&ecirc;m những kh&aacute;ch h&agrave;ng b&ecirc;n ngo&agrave;i Trung Quốc.&nbsp;</p>\n\n<p>Mỹ, Anh, Australia v&agrave; Nhật Bản l&agrave; những thị trường nước ngo&agrave;i c&oacute; nhiều người mua nhất trong ng&agrave;y n&agrave;y.&nbsp;</p>\n\n<p>&quot;Singles&rsquo; Day đang được nhận diện tr&ecirc;n to&agrave;n cầu nhiều hơn nhưng đ&acirc;y vẫn l&agrave; một sự kiện trong nước hơn, n&oacute; cho thấy sức mạnh khủng khiếp của người ti&ecirc;u d&ugrave;ng Trung Quốc&quot;, một chuy&ecirc;n gia đến từ EY n&oacute;i.&nbsp;</p>\n\n<p>Alibaba tổ chức ng&agrave;y Singles&rsquo; Day đầu ti&ecirc;n v&agrave;o năm 2009 như một chiến dịch quảng c&aacute;o nhưng ng&agrave;y n&agrave;y đ&atilde; dần trở th&agrave;nh một sự kiện mua sắm khổng lồ. Năm ngo&aacute;i, người ti&ecirc;u d&ugrave;ng Trung Quốc đ&atilde; ti&ecirc;u nhiều hơn 4.000 lần so với tổng chi ti&ecirc;u trong Singles&rsquo; Day đầu ti&ecirc;n m&agrave; Alibaba tổ chức.&nbsp;</p>\n\n<p>Thậm ch&iacute;, từ trước khi ng&agrave;y 11/11 diễn ra, người ti&ecirc;u d&ugrave;ng đ&atilde; tỏ ra rất h&agrave;o hứng với sự kiện n&agrave;y. Thống k&ecirc; cho thấy 64 thương hiệu gồm cả Apple, Dyson, Lancome v&agrave; L&rsquo;Oreal... đ&atilde; chứng kiến doanh số b&aacute;n h&agrave;ng đặt trước đạt 100 triệu NDT.&nbsp;</p>\n\n<p>Tại Trung Quốc, ng&agrave;y h&ocirc;m nay được gọi l&agrave; Singles&rsquo; Day ( Ng&agrave;y C&ocirc; đơn ) bởi c&oacute; 4 số 1 đứng c&ugrave;ng nhau (11/11). Để kỷ niệm ng&agrave;y n&agrave;y, cư d&acirc;n mạng Trung Quốc (v&agrave; đặc biệt l&agrave; những người độc th&acirc;n) thường chi một lượng tiền khổng lồ để mua sắm trực tuyến.</p>\n\n<p><a href=\"http://cafebiz.vn/de-nghi-huu-o-tuoi-55-thanh-thoi-ngoi-tren-bai-bien-thi-ra-jack-ma-so-huu-1-co-may-in-tien-bi-mat-giup-ong-lien-tuc-giau-hon-du-khong-can-lam-gi-ca-20191031160840446.chn\" target=\"_blank\" title=\"Để nghỉ hưu ở tuổi 55, thảnh thơi ngồi trên bãi biển thì ra Jack Ma sở hữu 1 cỗ máy in tiền bí mật, giúp ông liên tục giàu hơn dù không cần làm gì cả\">Để nghỉ hưu ở tuổi 55, thảnh thơi &#39;ngồi tr&ecirc;n b&atilde;i biển&#39; th&igrave; ra Jack Ma sở hữu 1 cỗ m&aacute;y in tiền b&iacute; mật, gi&uacute;p &ocirc;ng li&ecirc;n tục gi&agrave;u hơn d&ugrave; kh&ocirc;ng cần l&agrave;m g&igrave; cả</a></p>\n\n<p><strong>V&acirc;n Đ&agrave;m</strong></p>\n\n<p>Theo Tr&iacute; Thức Trẻ</p>', 'jaxma.jpg', '2020-07-03 15:34:51', '2020-07-03 22:34:51', '2020-07-03 15:34:51');
INSERT INTO `posts` VALUES (6, 2, 'Ngày lễ độc thân 11.11 bắt nguồn từ đâu?', 'ngay-le-doc-than-11-11-bat-nguon-tu-dau', '<p><strong>Nguồn gốc&nbsp;</strong><strong>Ng&agrave;y lễ độc th&acirc;n 11.11</strong></p>\n\n<p>V&agrave;o ng&agrave;y 11.11.1990, một số học sinh tại Đại học Nam Kinh, Trung Quốc đ&atilde; tập hợp với nhau để &quot;ăn mừng&quot; sự c&ocirc; đơn của m&igrave;nh. Những học sinh n&agrave;y cũng gọi đ&acirc;y l&agrave; ng&agrave;y lễ độc th&acirc;n bởi ng&agrave;y n&agrave;y được cấu tạo từ 4 chữ số 1, giống như 4 c&acirc;y gậy xếp liền nhau.</p>\n\n<p>Người Trung Quốc gọi ng&agrave;y n&agrave;y l&agrave; ng&agrave;y &quot;quang c&ocirc;n&quot;, hay c&ograve;n gọi l&agrave; ng&agrave;y &quot;to&agrave;n gậy&quot;. &quot;Quang c&ocirc;n&quot; trong tiếng Trung c&ograve;n c&oacute; nghĩa l&agrave; độc th&acirc;n. Bởi vậy, ng&agrave;y lễ n&agrave;y đ&atilde; được giới trẻ Trung Quốc lấy l&agrave;m dịp lễ đặc biệt d&agrave;nh cho những người c&ograve;n độc th&acirc;n.</p>\n\n<p>V&agrave;o ng&agrave;y n&agrave;y, những người độc th&acirc;n sẽ tụ tập ăn uống, uống rượu v&agrave; vui chơi để qu&ecirc;n đi sự c&ocirc; đơn. Hiện, Ng&agrave;y lễ độc th&acirc;n kh&ocirc;ng chỉ d&agrave;nh ri&ecirc;ng cho giới trẻ Trung Quốc. Kh&aacute;i niệm &quot;Single&#39;s Day - Lễ độc th&acirc;n 11.11 &quot; đ&atilde; được phổ biến tr&ecirc;n nhiều quốc gia tr&ecirc;n thế giới trong đ&oacute; c&oacute; Việt Nam.</p>\n\n<p><strong>Ng&agrave;y hội mua sắm lớn nhất Trung Quốc</strong></p>\n\n<p>Ng&agrave;y 11.11.2009, tỉ ph&uacute; Jack Ma đ&atilde; đưa ng&agrave;y n&agrave;y v&agrave;o một trong những dịp lễ, tết để thực hiện c&aacute;c chương tr&igrave;nh khuyến m&atilde;i, mua sắm tại Alibaba.</p>\n\n<p>Năm đầu ti&ecirc;n &aacute;p dụng, Alibaba hướng đến khuyến kh&iacute;ch người ti&ecirc;u d&ugrave;ng cho m&igrave;nh quyền &quot;tự thưởng&quot; cho bản th&acirc;n để ăn mừng Ng&agrave;y lễ độc th&acirc;n . Ngay sau khi chiến dịch khuyến m&atilde;i của Alibaba đạt hiệu ứng lớn, đối thủ JD.com đ&atilde; nhanh ch&oacute;ng &aacute;p dụng khuyến m&atilde;i nh&acirc;n ng&agrave;y 11.11 v&agrave; đạt được doanh thu lớn.</p>\n\n<p>Sau đ&oacute; một loạt c&aacute;c tập đo&agrave;n lớn, trong đ&oacute; c&oacute; Amazon cũng tung ra những chiến dịch khuyến m&atilde;i quy m&ocirc; lớn nh&acirc;n ng&agrave;y 11.11 v&agrave;o năm 2015.</p>\n\n<p>Năm 2011, doanh thu ng&agrave;y 11.11 của Alibaba đạt 168,2 tỉ nh&acirc;n d&acirc;n tệ (tương đương với 25,4 tỉ USD). Trong khu đ&oacute; JD.com đạt doanh thu 19,1 tỉ USD.</p>\n\n<p>Hiện nay, tại Việt Nam, nhiều cửa h&agrave;ng kinh doanh, c&ocirc;ng ty cũng &aacute;p dụng chiến dịch khuyến m&atilde;i lớn nh&acirc;n dịp lễ độc th&acirc;n 11.11 .</p>\n\n<p><a href=\"http://cafebiz.vn/thien-tai-lua-dao-khet-tieng-moi-thoi-dai-victor-lustig-ban-dong-sat-vun-eiffel-den-2-lan-so-huu-chiec-hop-rumani-bien-giay-thanh-tien-ngay-ca-trum-xa-hoi-den-cung-lua-khong-tha-20191109193322062.chn\" target=\"_blank\" title=\"Thiên tài lừa đảo khét tiếng mọi thời đại Victor Lustig: Bán ‘đống sắt vụn’ Eiffel đến 2 lần, sở hữu ‘Chiếc hộp Rumani’ biến giấy thành tiền, ngay cả trùm xã hội đen cũng lừa không tha!\">Thi&ecirc;n t&agrave;i lừa đảo kh&eacute;t tiếng mọi thời đại Victor Lustig: B&aacute;n &lsquo;đống sắt vụn&rsquo; Eiffel đến 2 lần, sở hữu &lsquo;Chiếc hộp Rumani&rsquo; biến giấy th&agrave;nh tiền, ngay cả tr&ugrave;m x&atilde; hội đen cũng lừa kh&ocirc;ng tha!</a></p>\n\n<p><strong>Theo L.C</strong></p>\n\n<p>Lao động</p>', 'docthan.jpg', NULL, '2019-11-11 02:23:02', '2019-11-11 02:23:02');
INSERT INTO `posts` VALUES (7, 6, 'Cận cảnh cuộc sống người dân quanh nhà máy Rạng Đông sau tẩy độc', 'can-canh-cuoc-song-nguoi-dan-quanh-nha-may-rang-dong', '<p>Sau hơn 1 th&aacute;ng ho&agrave;n th&agrave;nh c&ocirc;ng t&aacute;c tẩy độc tại nh&agrave; m&aacute;y Rạng Đ&ocirc;ng , người d&acirc;n quay trở về nh&agrave; sinh sống. Cụ thể, theo đơn khiếu nại tập thể của khu đ&ocirc; thị 54 Hạ Đ&igrave;nh - nơi chịu ảnh hưởng nặng nề nhất do thủy ng&acirc;n r&ograve; rỉ từ vụ ch&aacute;yau vụ ch&aacute;y, 95% hộ d&acirc;n đ&atilde; phải di tản, hiện nay 80% hộ d&acirc;n đ&atilde; quay về.</p>\n\n<p>&nbsp;</p>\n\n<p><a href=\"https://cafebiz.cafebizcdn.vn/2019/11/11/photo-1-1573435787677271967504.jpg\" title=\"\"><img alt=\" Cận cảnh cuộc sống người dân quanh nhà máy Rạng Đông sau tẩy độc - Ảnh 2.\" height=\"\" src=\"https://cafebiz.cafebizcdn.vn/thumb_w/640/2019/11/11/photo-1-1573435787677271967504.jpg\" title=\" Cận cảnh cuộc sống người dân quanh nhà máy Rạng Đông sau tẩy độc - Ảnh 2.\" width=\"\" /></a></p>\n\n<p>Vẫn c&ograve;n nh&agrave; trưng biển b&aacute;n, cho thu&ecirc;...</p>\n\n<p><a href=\"https://cafebiz.cafebizcdn.vn/2019/11/11/photo-2-15734357876811146777221.jpg\" title=\"\"><img alt=\" Cận cảnh cuộc sống người dân quanh nhà máy Rạng Đông sau tẩy độc - Ảnh 3.\" height=\"\" src=\"https://cafebiz.cafebizcdn.vn/thumb_w/640/2019/11/11/photo-2-15734357876811146777221.jpg\" title=\" Cận cảnh cuộc sống người dân quanh nhà máy Rạng Đông sau tẩy độc - Ảnh 3.\" width=\"\" /></a></p>\n\n<p>Việc mua b&aacute;n đồ ăn, uống được người d&acirc;n ch&uacute; &yacute;, kiểm so&aacute;t...</p>\n\n<p><a href=\"https://cafebiz.cafebizcdn.vn/2019/11/11/photo-3-15734357876831176875998.jpg\" title=\"\"><img alt=\" Cận cảnh cuộc sống người dân quanh nhà máy Rạng Đông sau tẩy độc - Ảnh 4.\" height=\"\" src=\"https://cafebiz.cafebizcdn.vn/thumb_w/640/2019/11/11/photo-3-15734357876831176875998.jpg\" title=\" Cận cảnh cuộc sống người dân quanh nhà máy Rạng Đông sau tẩy độc - Ảnh 4.\" width=\"\" /></a></p>\n\n<p>Ngay khi được th&ocirc;ng b&aacute;o, c&aacute;c qu&aacute;n ăn đ&atilde; mở cửa b&aacute;n h&agrave;ng... tuy nhi&ecirc;n lượng kh&aacute;ch cũng thưa vắng.</p>\n\n<p><a href=\"https://cafebiz.cafebizcdn.vn/2019/11/11/photo-4-15734357876851719485851.jpg\" title=\"\"><img alt=\" Cận cảnh cuộc sống người dân quanh nhà máy Rạng Đông sau tẩy độc - Ảnh 5.\" height=\"\" src=\"https://cafebiz.cafebizcdn.vn/thumb_w/640/2019/11/11/photo-4-15734357876851719485851.jpg\" title=\" Cận cảnh cuộc sống người dân quanh nhà máy Rạng Đông sau tẩy độc - Ảnh 5.\" width=\"\" /></a></p>\n\n<p>Một người d&acirc;n khu d&acirc;n cư 54 Hạ Đ&igrave;nh chăm s&oacute;c c&acirc;y cảnh</p>\n\n<p><a href=\"https://cafebiz.cafebizcdn.vn/2019/11/11/photo-5-157343578769077601869.jpg\" title=\"\"><img alt=\" Cận cảnh cuộc sống người dân quanh nhà máy Rạng Đông sau tẩy độc - Ảnh 6.\" height=\"\" src=\"https://cafebiz.cafebizcdn.vn/thumb_w/640/2019/11/11/photo-5-157343578769077601869.jpg\" title=\" Cận cảnh cuộc sống người dân quanh nhà máy Rạng Đông sau tẩy độc - Ảnh 6.\" width=\"\" /></a></p>\n\n<p>Một số gia đ&igrave;nh kh&aacute;c cũng đ&atilde; tổng vệ sinh nh&agrave; cửa...</p>\n\n<p><a href=\"https://cafebiz.cafebizcdn.vn/2019/11/11/photo-6-15734357876921713975511.jpg\" title=\"\"><img alt=\" Cận cảnh cuộc sống người dân quanh nhà máy Rạng Đông sau tẩy độc - Ảnh 7.\" height=\"\" src=\"https://cafebiz.cafebizcdn.vn/thumb_w/640/2019/11/11/photo-6-15734357876921713975511.jpg\" title=\" Cận cảnh cuộc sống người dân quanh nhà máy Rạng Đông sau tẩy độc - Ảnh 7.\" width=\"\" /></a></p>\n\n<p>Đại diện c&aacute;c hộ d&acirc;n quanh nh&agrave; m&aacute;y Rạng Đ&ocirc;ng cho biết, họ đang y&ecirc;u cầu Cty Cổ phần B&oacute;ng đ&egrave;n v&agrave; Ph&iacute;ch nước Rạng Đ&ocirc;ng bồi thường thiệt hại về vật chất, tinh thần v&agrave; tổn hại sức khoẻ. Y&ecirc;u cầu di dời cơ sở ra khỏi khu d&acirc;n cư cũng như ho&agrave;n tất qu&aacute; tr&igrave;nh tẩy độc, dọn dẹp, đảm bảo quy định an to&agrave;n về m&ocirc;i trường, sức khỏe cho người d&acirc;n.</p>\n\n<p>Vụ ch&aacute;y xảy ra tối 28/8 đ&atilde; thi&ecirc;u rụi xưởng sản xuất v&agrave; kho chứa th&agrave;nh phẩm với h&agrave;ng triệu b&oacute;ng đ&egrave;n của C&ocirc;ng ty Rạng Đ&ocirc;ng.</p>\n\n<p>Nguy&ecirc;n nh&acirc;n được x&aacute;c định do sự cố điện ở bảng mạch điện tử của b&oacute;ng đ&egrave;n chiếu s&aacute;ng tầng 2 của kho b&aacute;n th&agrave;nh phẩm. Bộ T&agrave;i nguy&ecirc;n M&ocirc;i trường cho biết nồng độ thủy ng&acirc;n quan trắc được ở một số điểm trong nh&agrave; m&aacute;y Rạng Đ&ocirc;ng v&agrave; xung quanh vượt ngưỡng an to&agrave;n từ 10 đến 30 lần.</p>\n\n<p>Lượng thủy ng&acirc;n đ&atilde; ph&aacute;t t&aacute;n ra m&ocirc;i trường trong vụ ch&aacute;y c&oacute; thể l&ecirc;n đến 27,2 kg. Ng&agrave;y 9/9, Thủ tướng Nguyễn Xu&acirc;n Ph&uacute;c y&ecirc;u cầu Chủ tịch H&agrave; Nội chủ tr&igrave;, phối hợp chặt chẽ với Bộ trưởng T&agrave;i nguy&ecirc;n v&agrave; M&ocirc;i trường, c&aacute;c cơ quan li&ecirc;n quan tiếp tục khẩn trương triển khai c&aacute;c c&ocirc;ng việc xử l&yacute; hậu quả.</p>\n\n<p>Sau đ&oacute;, Chủ tịch Nguyễn Đức Chung đ&atilde; k&yacute; văn bản hỏa tốc, giao c&aacute;c đơn vị chuy&ecirc;n tr&aacute;ch khắc phục hậu quả, tẩy độc to&agrave;n bộ khu vực, đồng thời khẩn trương di dời nh&agrave; m&aacute;y đến cơ sở sản xuất mới.</p>\n\n<p>Binh chủng H&oacute;a học đ&atilde; chuyển đi hơn 11 tấn b&oacute;ng đ&egrave;n huỳnh quang bị ch&aacute;y, 1.000 tấn chất thải nguy hại v&agrave; 2.600 tấn chất thải, phế liệu từ gạch, m&aacute;i nh&agrave;, m&aacute;i t&ocirc;n, sắt th&eacute;p.</p>\n\n<p><a href=\"http://cafebiz.vn/quy-3-2019-thi-truong-dien-thoai-viet-giam-lien-tuc-20191111082900109.chn\" target=\"_blank\" title=\"Quý 3/2019: Thị trường điện thoại Việt giảm liên tục\">Qu&yacute; 3/2019: Thị trường điện thoại Việt giảm li&ecirc;n tục</a></p>\n\n<p><strong>Theo Long V&acirc;n</strong></p>\n\n<p>Tiền phong</p>', 'rangdong.jpg', NULL, '2019-11-11 02:25:50', '2019-11-11 02:25:50');
INSERT INTO `posts` VALUES (8, 6, 'Đàn ông sau 25 tuổi mà vẫn phạm phải những \"điểm chết\" này thì bạn được định sẵn là kẻ thất bại', 'dan-ong-25-tuoi', '<p><strong>Người đ&agrave;n &ocirc;ng kh&ocirc;ng ki&ecirc;n định</strong></p>\n\n<p>Người đời vẫn n&oacute;i rằng đ&agrave;n &ocirc;ng sức d&agrave;i vai rộng, tất cả mọi lời n&oacute;i m&agrave; bản th&acirc;n đ&atilde; n&oacute;i ra phải c&oacute; tr&aacute;ch nhiệm v&agrave; ch&iacute;nh kiến c&aacute; nh&acirc;n. Tr&ecirc;n đời kh&ocirc;ng ai th&iacute;ch n&oacute;i chuyện với một người đ&agrave;n &ocirc;ng ba phải, người n&agrave;o n&oacute;i g&igrave; cũng thấy hay, ai n&oacute;i g&igrave; cũng t&aacute;n th&agrave;nh.</p>\n\n<p>Đ&atilde; l&agrave; đ&agrave;n &ocirc;ng th&igrave; nhất định trong một số trường hợp phải tự đưa ra được &yacute; kiến của m&igrave;nh, sẵn s&agrave;ng bảo vệ &yacute; kiến của bản th&acirc;n nếu cho rằng điều m&igrave;nh n&oacute;i, m&igrave;nh l&agrave;m hay quyết định của bản th&acirc;n l&agrave; đ&uacute;ng. Nếu l&agrave; một người đ&agrave;n &ocirc;ng ki&ecirc;n định chắc chắn người đ&agrave;n &ocirc;ng sẽ tự t&igrave;m ra được hướng giải quyết ổn thỏa nhất trong mọi trường hợp xảy ra.</p>\n\n<p><strong>Người kh&ocirc;ng giữ lời hứa</strong></p>\n\n<p>Cuộc sống hiện tại c&ograve;n tồn tại một kiểu đ&agrave;n &ocirc;ng chỉ giỏi n&oacute;i chứ kh&ocirc;ng giỏi l&agrave;m. Người đời c&oacute; thể nh&igrave;n v&agrave;o những g&igrave; người đ&agrave;n &ocirc;ng ấy đ&atilde; l&agrave;m so với những g&igrave; anh ta đ&atilde; n&oacute;i để ph&aacute;n đo&aacute;n được rằng người đ&agrave;n &ocirc;ng đ&oacute; c&oacute; th&agrave;nh c&ocirc;ng hay kh&ocirc;ng.</p>\n\n<p>Người đ&agrave;n &ocirc;ng c&oacute; thể th&agrave;nh c&ocirc;ng l&agrave; người c&oacute; thể thực hiện những lời hứa của m&igrave;nh, kh&ocirc;ng kho&aacute;c l&aacute;c, kh&ocirc;ng ba hoa m&agrave; nghi&ecirc;m t&uacute;c thực hiện những lời đ&atilde; hứa một c&aacute;ch nghi&ecirc;m t&uacute;c v&agrave; cố gắng thực hiện điều đ&oacute;.</p>\n\n<p>Thậm ch&iacute; c&oacute; rất nhiều việc d&ugrave; cố gắng hết m&igrave;nh nhưng người đ&agrave;n &ocirc;ng vẫn kh&ocirc;ng thể th&agrave;nh c&ocirc;ng, điều đ&oacute; kh&ocirc;ng đ&aacute;ng tiếc. Bởi v&igrave; chỉ khi sẵn s&agrave;ng chấp nhận thất bại th&igrave; bạn mới c&oacute; thể trở th&agrave;nh một người đ&agrave;n &ocirc;ng thực thụ.</p>\n\n<p><a href=\"https://cafebiz.cafebizcdn.vn/2019/11/5/photo1565766105446-1565766105760-crop-15657661957411496546650-15729141372822045769231-15729141482901797286244.png\" title=\"\"><img alt=\"Đàn ông sau 25 tuổi mà vẫn phạm phải những điểm chết này thì bạn được định sẵn là kẻ thất bại - Ảnh 1.\" height=\"\" src=\"https://cafebiz.cafebizcdn.vn/thumb_w/640/2019/11/5/photo1565766105446-1565766105760-crop-15657661957411496546650-15729141372822045769231-15729141482901797286244.png\" title=\"Đàn ông sau 25 tuổi mà vẫn phạm phải những điểm chết này thì bạn được định sẵn là kẻ thất bại - Ảnh 1.\" width=\"\" /></a></p>\n\n<p><strong>L&atilde;ng ph&iacute; thời gian v&agrave;o th&uacute; vui v&ocirc; bổ</strong></p>\n\n<p>Khi những người kh&aacute;c đang học tập, đang miệt m&agrave;i nghi&ecirc;n cứu v&agrave; l&agrave;m việc th&igrave; bạn lại chỉ biết ăn uống, vui chơi, tụ tập rượu ch&egrave; rồi d&agrave;nh cả ng&agrave;y chỉ để ngồi online mạng x&atilde; hội th&igrave; thật sự mỗi ng&agrave;y của bạn tr&ocirc;i qua thật phung ph&iacute;.</p>\n\n<p>Mỗi người trong 1 ng&agrave;y đều c&oacute; 24h qu&yacute; b&aacute;u, ngo&agrave;i thời gian để ăn uống v&agrave; ngủ th&igrave; việc sử dụng số thời gian c&ograve;n lại sẽ quyết định việc bạn trở th&agrave;nh người như thế n&agrave;o trong tương lai.</p>\n\n<p>Những người đ&agrave;n &ocirc;ng th&agrave;nh đạt, c&oacute; được chỗ đứng của m&igrave;nh trong x&atilde; hội đều l&agrave; những người sử dụng quỹ thời gian m&agrave; m&igrave;nh c&oacute; một c&aacute;ch cực kỳ hợp l&yacute;, khoa học. Bởi v&igrave;, họ biết c&aacute;ch c&acirc;n bằng giữa c&ocirc;ng việc v&agrave; th&uacute; vui, họ biết thứ n&agrave;o l&agrave; thứ cần được ưu ti&ecirc;n.</p>\n\n<p>Nếu sử dụng số thời gian ch&uacute;ng ta c&oacute; để l&agrave;m việc c&oacute; &iacute;ch, để học tập, n&acirc;ng cao kỹ năng, t&iacute;ch lũy kinh nghiệm cho bản th&acirc;n th&igrave; sớm th&ocirc;i bạn sẽ c&oacute; tương lai tươi s&aacute;ng hơn, sớm th&agrave;nh c&ocirc;ng hơn.</p>\n\n<p><strong>Người đ&agrave;n &ocirc;ng tự ti</strong></p>\n\n<p>Điều n&agrave;y c&oacute; thể hiển thị r&otilde; r&agrave;ng nhất ở những người đ&agrave;n &ocirc;ng thất bại, kh&ocirc;ng c&oacute; chỗ đứng x&atilde; hội. Tự ti v&agrave; khi&ecirc;m tốn ho&agrave;n to&agrave;n kh&aacute;c nhau. Một người tự ti sẽ tự đ&aacute;nh gi&aacute; thấp bản th&acirc;n m&igrave;nh, việc đ&aacute;nh gi&aacute; đ&oacute; c&oacute; ảnh hưởng trực tiếp đến người kh&aacute;c nh&igrave;n v&agrave;o.</p>\n\n<p>Thay v&igrave; chỉ nhớ những thất bại h&atilde;y sẵn s&agrave;ng đ&oacute;n nhận n&oacute; v&agrave; ngẩng cao đầu để bước tiếp, để khẳng định gi&aacute; trị của bản th&acirc;n. Chỉ cần bạn c&oacute; đủ niềm tin v&agrave;o bản th&acirc;n m&igrave;nh bạn chắc chắn sẽ vượt qua được mọi kh&oacute; khăn, thử th&aacute;ch m&agrave; m&igrave;nh gặp phải.</p>\n\n<p><a href=\"https://cafebiz.cafebizcdn.vn/2019/11/5/photo1539310445523-15393104455231224970556-1572914176950314553244-15729141867311520608562.png\" title=\"\"><img alt=\"Đàn ông sau 25 tuổi mà vẫn phạm phải những điểm chết này thì bạn được định sẵn là kẻ thất bại - Ảnh 2.\" height=\"\" src=\"https://cafebiz.cafebizcdn.vn/thumb_w/640/2019/11/5/photo1539310445523-15393104455231224970556-1572914176950314553244-15729141867311520608562.png\" title=\"Đàn ông sau 25 tuổi mà vẫn phạm phải những điểm chết này thì bạn được định sẵn là kẻ thất bại - Ảnh 2.\" width=\"\" /></a></p>\n\n<p><strong>Sau 25 tuổi vẫn kh&ocirc;ng c&oacute; tiền</strong></p>\n\n<p>Đ&atilde; l&agrave; đ&agrave;n &ocirc;ng đừng bao giờ đổ lỗi cho ho&agrave;n cảnh, cho điều kiện gia đ&igrave;nh để tự h&agrave;o n&oacute;i rằng đến thời điểm hiện tại, qua 25 tuổi m&igrave;nh vẫn ngh&egrave;o l&agrave; một điều ho&agrave;n to&agrave;n b&igrave;nh thường.</p>\n\n<p>Nếu đến thời điểm hiện tại vẫn chưa c&oacute; tiền th&igrave; h&atilde;y đứng dậy v&agrave; kiếm cho m&igrave;nh một c&ocirc;ng việc, tiền bạn kiếm ra c&oacute; thể nhiều cũng c&oacute; thể &iacute;t nhưng n&oacute; l&agrave; số tiền bạn kiếm được bằng sức lao động của ch&iacute;nh bản th&acirc;n v&agrave; thuộc quyền sở hữu của ch&iacute;nh bạn. Chỉ khi ấy bạn mới c&oacute; quyền cho ph&eacute;p m&igrave;nh tự h&agrave;o v&igrave; đ&oacute; l&agrave; tiền mồ h&ocirc;i c&ocirc;ng sức của bạn. Ch&iacute;nh n&oacute; sẽ trở th&agrave;nh động lực cho bạn cố gắng mỗi ng&agrave;y. Ng&agrave;y h&ocirc;m nay c&oacute; thể kh&ocirc;ng c&oacute; nhiều tiền nhưng ng&agrave;y mai nhất định bạn phải kiếm được nhiều tiền hơn.</p>\n\n<p>Trong cuộc sống bất cứ việc g&igrave; cũng vậy, chỉ khi bạn bỏ c&ocirc;ng sức của m&igrave;nh v&agrave; vượt qua được kh&oacute; khăn ban đầu th&igrave; bạn sẽ cảm thấy dễ chịu, sẵn s&agrave;ng thử sức m&igrave;nh đương đầu với những thử th&aacute;ch lớn hơn. Qua 25 tuổi muốn trở th&agrave;nh một người th&agrave;nh c&ocirc;ng người đ&agrave;n &ocirc;ng nhất định phải tr&aacute;nh phạm phải 5 điều ph&iacute;a tr&ecirc;n.</p>\n\n<p><a href=\"http://cafebiz.vn/giat-title-soc-voi-cum-tu-quy-khoc-trong-vlog-moi-khoa-pug-bi-to-khong-ton-trong-phu-nu-2019110312371652.chn\" target=\"_blank\" title=\"Sự cố mới của Khoa Pug, giật title phụ nữ Nhật quỳ khóc xin cho cameraman được ăn: Hot Youtuber hứng gạch chỉ trích\">Sự cố mới của Khoa Pug, giật title &quot;phụ nữ Nhật quỳ kh&oacute;c xin cho cameraman được ăn&quot;: Hot Youtuber hứng gạch chỉ tr&iacute;ch</a></p>\n\n<p><strong>Nắng Mai</strong></p>\n\n<p>Theo Tr&iacute; Thức Trẻ</p>', 'danong.png', NULL, '2019-11-11 02:27:04', '2019-11-11 02:27:04');
INSERT INTO `posts` VALUES (9, 3, 'Vòng xoáy lãi suất cao', 'vong-xoay-lai-suat', '<p>Một tuần sau quyết định hạ l&atilde;i suất cơ bản lần thứ ba trong năm của Cục Dự trữ Li&ecirc;n bang Mỹ (Fed), thị trường đ&oacute;n th&ecirc;m quyết định của một số ng&acirc;n h&agrave;ng trung ương kh&aacute;c.</p>\n\n<p>Th&aacute;i Lan tiếp tục giảm l&atilde;i suất cơ bản xuống mức thấp kỷ lục. Trung Quốc cũng vừa cắt giảm l&atilde;i suất cho vay trung hạn (MLF) lần đầu ti&ecirc;n kể từ đầu năm 2016&hellip;</p>\n\n<p>Thống k&ecirc; của Ng&acirc;n h&agrave;ng Thanh to&aacute;n Quốc tế (BIS) cho biết, từ đầu năm 2019 đến nay đ&atilde; c&oacute; 46 ng&acirc;n h&agrave;ng trung ương tr&ecirc;n thế giới cắt giảm l&atilde;i suất.</p>\n\n<p>Việt Nam cũng nằm trong số đ&oacute;, với quyết định từ ng&agrave;y 16/9 vừa qua. Nhiều &yacute; kiến trong giới nghi&ecirc;n cứu v&agrave; ph&acirc;n t&iacute;ch (qua khảo s&aacute;t cụ thể tại một hội thảo chuy&ecirc;n ng&agrave;nh gần đ&acirc;y) c&ugrave;ng nghi&ecirc;ng về khả năng c&aacute;c l&atilde;i suất điều h&agrave;nh của Ng&acirc;n h&agrave;ng Nh&agrave; nước sẽ dừng lại như hiện nay m&agrave; kh&oacute; c&oacute; giảm th&ecirc;m nữa cho đến năm 2020.</p>\n\n<p>Ở một chuyển động kh&aacute;c, rất đ&aacute;ng ch&uacute; &yacute;: gần đ&acirc;y một số ng&acirc;n h&agrave;ng thương mại đ&atilde; r&uacute;t dần c&aacute;c mức l&atilde;i suất huy động cao vượt trội qua đợt tăng trong qu&yacute; III/2019, hoặc biểu ni&ecirc;m yết đặt trước c&aacute;c điểm giao dịch đ&atilde; c&oacute; giảm xuống so với trước.</p>\n\n<p>D&ugrave; vậy, l&atilde;i suất huy động vốn trung v&agrave; d&agrave;i hạn tại Việt Nam hiện vẫn kh&aacute; cao, nhiều ng&acirc;n h&agrave;ng vẫn đang &aacute;p từ 8,5% đến gần 9%/năm.</p>\n\n<p>Trao đổi về cạnh tranh những mức l&atilde;i suất cao đ&oacute;, tổng gi&aacute;m đốc một ng&acirc;n h&agrave;ng thương mại cho rằng đ&acirc;y đang l&agrave; v&ograve;ng xo&aacute;y đ&agrave;o s&acirc;u hố ngăn c&aacute;ch giữa c&aacute;c ng&acirc;n h&agrave;ng thương mại Việt Nam. V&agrave; v&ograve;ng xo&aacute;y n&agrave;y ng&agrave;y một trở n&ecirc;n khắc nghiệt.</p>\n\n<p>&ldquo;L&atilde;i suất do thị trường quyết định, chứ &yacute; ch&iacute; một ng&acirc;n h&agrave;ng ri&ecirc;ng lẻ kh&ocirc;ng thể quyết định được&rdquo;, vị tổng gi&aacute;m đốc tr&ecirc;n đặt vấn đề.</p>\n\n<p>Theo đ&oacute;, khi l&atilde;i suất huy động tăng, c&aacute;c ng&acirc;n h&agrave;ng c&ugrave;ng ph&acirc;n kh&uacute;c cạnh tranh thường xem x&eacute;t tăng theo để giữ ch&acirc;n v&agrave; giữ c&acirc;n đối nguồn. L&atilde;i suất đầu v&agrave;o cao, l&atilde;i suất cho vay đầu ra cũng thường cao l&ecirc;n.</p>\n\n<p>Khi l&atilde;i suất cho vay cao, chất lượng t&iacute;n dụng bị ảnh hưởng, ng&acirc;n h&agrave;ng đ&oacute; phải tiếp cận những kh&aacute;ch h&agrave;ng ở ph&acirc;n kh&uacute;c c&oacute; độ rủi ro cao hơn, tiềm ẩn nợ xấu. Những kh&aacute;ch h&agrave;ng tốt, chất lượng khoản vay tốt thường t&igrave;m đến những nguồn cho vay c&oacute; chi ph&iacute; thấp.</p>\n\n<p>L&atilde;i suất cho vay cao, rủi ro tiềm ẩn nợ xấu cao hơn, v&agrave; khi vướng nợ xấu th&igrave; ng&acirc;n h&agrave;ng c&agrave;ng kh&oacute; khăn trong việc r&uacute;t ngắn khoảng c&aacute;ch với c&aacute;c ng&acirc;n h&agrave;ng kh&aacute;c trong cạnh tranh.</p>\n\n<p>C&ograve;n nếu l&atilde;i suất huy động cao, ng&acirc;n h&agrave;ng vẫn cố gắng cho vay l&atilde;i suất thấp hoặc kh&ocirc;ng n&acirc;ng l&atilde;i suất cho vay tương ứng, bi&ecirc;n lợi nhuận sẽ mỏng lại. Khi bi&ecirc;n lợi nhuận mỏng đi, nguồn lợi nhuận giữ lại k&eacute;m đi, nguồn lực để đầu tư, ph&aacute;t triển c&aacute;c yếu tố nền tảng cũng hạn chế đi.</p>\n\n<p>Đặc biệt trong bối cảnh hiện nay, khi nhiều ng&acirc;n h&agrave;ng đ&atilde; tho&aacute;t hẳn giai đoạn kh&oacute; khăn 2011-2015, bắt đầu tăng tốc v&agrave; gia tăng lợi nhuận để t&iacute;ch lũy nguồn lực, c&oacute; th&ecirc;m điều kiện để tăng đầu tư cho hạ tầng, nh&acirc;n sự, c&ocirc;ng nghệ, ph&aacute;t triển sản phẩm dịch vụ&hellip;, th&igrave; vẫn c&oacute; nhiều th&agrave;nh vi&ecirc;n phải loay hoay với l&atilde;i suất cao để c&acirc;n đối nguồn, m&agrave; nguồn lực đầu tư cho c&aacute;c yếu tố nền tảng c&agrave;ng hạn chế.</p>\n\n<p>Theo ph&acirc;n t&iacute;ch của vị l&atilde;nh đạo ng&acirc;n h&agrave;ng tr&ecirc;n, v&ograve;ng xo&aacute;y l&atilde;i suất cao với những mối li&ecirc;n hệ đ&oacute; khiến khoảng c&aacute;ch giữa c&aacute;c ng&acirc;n h&agrave;ng thương mại Việt Nam ng&agrave;y c&agrave;ng do&atilde;ng rộng.</p>\n\n<p>C&ograve;n ri&ecirc;ng về l&atilde;i suất, đến nay, khoảng c&aacute;ch ch&ecirc;nh lệch l&atilde;i suất huy động cao nhất giữa c&aacute;c nh&oacute;m ng&acirc;n h&agrave;ng đ&atilde; vượt tr&ecirc;n mức 2%/năm, m&agrave; những năm gần đ&acirc;y phổ biến chỉ ch&ecirc;nh lệch trong khoảng 1,2-1,5%/năm m&agrave; th&ocirc;i.</p>\n\n<p><a href=\"http://cafebiz.vn/ngan-hang-nao-cho-vay-mua-nha-lai-suat-thap-nhat-20191104085429248.chn\" target=\"_blank\" title=\"Ngân hàng nào cho vay mua nhà lãi suất thấp nhất?\">Ng&acirc;n h&agrave;ng n&agrave;o cho vay mua nh&agrave; l&atilde;i suất thấp nhất?</a></p>\n\n<p><strong>Theo Minh Đức</strong></p>\n\n<p>BizLive</p>', 'laisuat.jpg', NULL, '2019-11-11 02:28:48', '2019-11-11 02:28:48');
INSERT INTO `posts` VALUES (10, 3, 'Sau Rằm tháng 10 âm có 7 con giáp gặp thời đổi vận, vượng tài vượng lộc, giàu có sung túc', 'sau-ram-thang-10-am', '<p>Những ng&agrave;y cuối năm l&agrave; l&uacute;c một số con gi&aacute;p cần &aacute;n binh bất động, ki&ecirc;n tr&igrave; l&agrave;m tốt những việc hiện tại để tr&aacute;nh gặp rủi ro. Thế nhưng, đ&acirc;y cũng l&agrave; l&uacute;c bứt ph&aacute; của nhiều con gi&aacute;p để c&oacute; thể về đ&iacute;ch vi&ecirc;n m&atilde;n, đ&oacute;n một c&aacute;i Tết sung t&uacute;c nhất.</p>\n\n<p>H&atilde;y c&ugrave;ng xem bạn c&oacute; l&agrave; 1 trong số 7 con gi&aacute;p may mắn dưới đ&acirc;y kh&ocirc;ng nh&eacute;.</p>\n\n<p><strong>Tuổi Sửu</strong></p>\n\n<p><a href=\"https://cafebiz.cafebizcdn.vn/2019/11/10/photo-1-15733631719771420608026.png\" title=\"(Ảnh minh họa: Internet)\"><img alt=\" Sau Rằm tháng 10 âm có 7 con giáp gặp thời đổi vận, vượng tài vượng lộc, giàu có sung túc - Ảnh 1.\" height=\"\" src=\"https://cafebiz.cafebizcdn.vn/2019/11/10/photo-1-15733631719771420608026.png\" title=\" Sau Rằm tháng 10 âm có 7 con giáp gặp thời đổi vận, vượng tài vượng lộc, giàu có sung túc - Ảnh 1.\" width=\"\" /></a></p>\n\n<p>(Ảnh minh họa: Internet)</p>\n\n<p>&nbsp;</p>\n\n<p>Theo c&aacute;c chuy&ecirc;n gia phong thủy, tuổi Sửu đa phần đều l&agrave; những con người kh&ocirc;ng th&iacute;ch ồn &agrave;o, khoe mẽ, nhưng được trời ph&uacute; cho t&agrave;i l&atilde;nh đạo, nh&igrave;n xa tr&ocirc;ng rộng n&ecirc;n họ sớm muộn cũng sẽ biết tạo dựng cho m&igrave;nh một sự nghiệp vững chắc, trở n&ecirc;n gi&agrave;u c&oacute; dư dả.</p>\n\n<p>Trong năm Kỷ Hợi 2019, tuổi Sửu c&oacute; lộc tiền t&agrave;i rất vượng, đặc biệt l&agrave; v&agrave;o dịp đầu năm. Họ phải trải qua v&agrave;i th&aacute;ng s&oacute;ng gi&oacute; v&agrave;o giữa năm, song may mắn l&agrave; tới cuối năm những xui rủi n&agrave;y tự nhi&ecirc;n sẽ kết th&uacute;c.</p>\n\n<p>Tử vi học c&oacute; n&oacute;i, từ đầu th&aacute;ng 11 &acirc;m, tuổi Sửu sẽ đứng v&agrave;o h&agrave;ng ngũ những con gi&aacute;p c&oacute; t&agrave;i lộc vượng ph&aacute;t v&agrave;o dịp cuối năm, l&agrave;m g&igrave; hầu như cũng th&agrave;nh c&ocirc;ng, thu về kết quả rực rỡ, tiền bạc kh&ocirc;ng những đủ đầy m&agrave; c&ograve;n c&oacute; nhiều cơ hội ph&aacute;t triển sự nghiệp trong tương lai gần.</p>\n\n<p><strong>Tuổi Th&igrave;n</strong></p>\n\n<p><a href=\"https://cafebiz.cafebizcdn.vn/2019/11/10/photo-1-1573363196538699209956.jpg\" title=\"(Ảnh minh họa: Internet)\"><img alt=\" Sau Rằm tháng 10 âm có 7 con giáp gặp thời đổi vận, vượng tài vượng lộc, giàu có sung túc - Ảnh 2.\" height=\"\" src=\"https://cafebiz.cafebizcdn.vn/2019/11/10/photo-1-1573363196538699209956.jpg\" title=\" Sau Rằm tháng 10 âm có 7 con giáp gặp thời đổi vận, vượng tài vượng lộc, giàu có sung túc - Ảnh 2.\" width=\"\" /></a></p>\n\n<p>(Ảnh minh họa: Internet)</p>\n\n<p>&nbsp;</p>\n\n<p>Tuổi Th&igrave;n hầu hết l&agrave; những con người rất chủ động. Họ kh&ocirc;ng ngồi đ&oacute; đợi &quot;sung rụng&quot;, m&agrave; lu&ocirc;n t&igrave;m kiếm c&aacute;c cơ hội, tận dụng mọi nguồn lực để kiếm tiền. Họ th&ocirc;ng minh, c&oacute; tr&aacute;ch nhiệm v&agrave; đ&aacute;ng tin cậy n&ecirc;n được c&aacute;c đối t&aacute;c đ&aacute;nh gi&aacute; cao.</p>\n\n<p>Trong năm Kỷ Hợi 2019, sự nghiệp v&agrave; t&agrave;i vận của tuổi Th&igrave;n được đ&aacute;nh gi&aacute; l&agrave; sẽ ph&aacute;t triển v&ocirc; c&ugrave;ng rực rỡ. Đặc biệt, theo c&aacute;c chuy&ecirc;n gia phong thủy, nếu kết hợp l&agrave;m ăn với tuổi Th&acirc;n v&agrave; tuổi T&yacute; th&igrave; tuổi Th&igrave;n sẽ gi&agrave;u kh&ocirc;ng để đ&acirc;u cho hết, tiền bạc tới với họ &agrave;o ạt như nước.</p>\n\n<p>Tử vi học c&oacute; n&oacute;i, cũng giống như tuổi Sửu, tuổi Th&igrave;n may mắn nhất v&agrave;o 6 th&aacute;ng đầu năm, kh&oacute; khăn v&agrave;o khoảng giữa năm. Tuy nhi&ecirc;n, từ cuối th&aacute;ng 9 &acirc;m l&agrave; họ đ&atilde; bước ra khỏi v&ugrave;ng tối. Từ th&aacute;ng 10 &acirc;m trở đi, m&agrave; đặc biệt l&agrave; sau Rằm th&aacute;ng 10, những vận hạn c&ograve;n s&oacute;t lại sẽ tự dưng biến mất ho&agrave;n to&agrave;n trong cuộc sống của tuổi Th&igrave;n, nhường chỗ cho những may mắn, thuận lợi kh&ocirc;ng ngừng trong sự nghiệp v&agrave; cuộc sống của họ.</p>\n\n<p>Nếu biết nắm bắt cơ hội, tuổi Th&igrave;n c&oacute; thể trở th&agrave;nh một trong những con gi&aacute;p gi&agrave;u nhất th&aacute;ng n&agrave;y, sở hữu khối t&agrave;i sản khiến nhiều người phải mơ ước.</p>\n\n<p><strong>Tuổi M&atilde;o</strong></p>\n\n<p><a href=\"https://cafebiz.cafebizcdn.vn/2019/11/10/photo-2-15733631965421481307181.png\" title=\"(Ảnh minh họa: Internet)\"><img alt=\" Sau Rằm tháng 10 âm có 7 con giáp gặp thời đổi vận, vượng tài vượng lộc, giàu có sung túc - Ảnh 3.\" height=\"\" src=\"https://cafebiz.cafebizcdn.vn/2019/11/10/photo-2-15733631965421481307181.png\" title=\" Sau Rằm tháng 10 âm có 7 con giáp gặp thời đổi vận, vượng tài vượng lộc, giàu có sung túc - Ảnh 3.\" width=\"\" /></a></p>\n\n<p>(Ảnh minh họa: Internet)</p>\n\n<p>&nbsp;</p>\n\n<p>Tuổi M&atilde;o b&igrave;nh thường l&agrave; những con người th&ocirc;ng minh, cẩn trọng, &iacute;t khi d&aacute;m liều lĩnh, thế nhưng trong năm Kỷ Hợi n&agrave;y, theo c&aacute;c chuy&ecirc;n gia phong thủy, tuổi M&atilde;o được nhiều sao tốt chiếu rọi, n&ecirc;n nếu kh&ocirc;ng biết nắm bắt cơ hội th&igrave; thật đ&aacute;ng tiếc.</p>\n\n<p>Với những người đủ tham vọng để kinh doanh, năm Kỷ Hợi c&oacute; thể l&agrave; l&uacute;c họ trở th&agrave;nh &ocirc;ng chủ, gặp được nhiều hợp đồng lớn v&agrave; thu về số lợi nhuận khổng lồ. Hoặc những người c&oacute; &yacute; định chuyển việc cũng sẽ rất thuận lợi, su&ocirc;n sẻ, t&agrave;i ch&iacute;nh kh&ocirc;ng những dồi d&agrave;o m&agrave; c&ograve;n c&oacute; nhiều cơ hội ph&aacute;t triển trong những năm tới.</p>\n\n<p>Tử vi học c&oacute; n&oacute;i, từ b&acirc;y giờ đến đầu th&aacute;ng 11 &acirc;m l&agrave; giai đoạn thịnh vượng nhất của tuổi M&atilde;o, nếu biết nỗ lực, chăm chỉ, họ kh&ocirc;ng những c&oacute; cuộc sống sung t&uacute;c, dư dả, m&agrave; thậm ch&iacute; sẽ c&ograve;n gi&agrave;u nứt đố đổ v&aacute;ch.</p>\n\n<p><strong>Tuổi Tuất</strong></p>\n\n<p><a href=\"https://cafebiz.cafebizcdn.vn/2019/11/10/photo-3-15733631965451160535701.jpg\" title=\"(Ảnh minh họa: Internet)\"><img alt=\" Sau Rằm tháng 10 âm có 7 con giáp gặp thời đổi vận, vượng tài vượng lộc, giàu có sung túc - Ảnh 4.\" height=\"\" src=\"https://cafebiz.cafebizcdn.vn/thumb_w/640/2019/11/10/photo-3-15733631965451160535701.jpg\" title=\" Sau Rằm tháng 10 âm có 7 con giáp gặp thời đổi vận, vượng tài vượng lộc, giàu có sung túc - Ảnh 4.\" width=\"\" /></a></p>\n\n<p>(Ảnh minh họa: Internet)</p>\n\n<p>&nbsp;</p>\n\n<p>Th&ocirc;ng minh, lại si&ecirc;ng năng, cần c&ugrave; v&agrave; sống c&oacute; nghĩa kh&iacute;, tuổi Tuất lu&ocirc;n được nhiều qu&yacute; nh&acirc;n ph&ugrave; trợ trong cuộc sống, nhất l&agrave; trong năm nay, đặc biệt khi họ bước v&agrave;o lĩnh vực kinh doanh sẽ thu được nhiều lộc l&aacute;. Theo c&aacute;c chuy&ecirc;n gia phong thủy, trong năm Kỷ Hợi 2019, tuổi Tuất l&agrave; một trong số những con gi&aacute;p gi&agrave;u c&oacute; cả đầu năm v&agrave; dịp cuối năm.</p>\n\n<p>Tử vi học c&oacute; n&oacute;i, nếu như họ c&oacute; 3 th&aacute;ng đầu tư l&agrave;m gi&agrave;u v&agrave;o dịp đầu năm, th&igrave; v&agrave;o cuối năm, họ c&oacute; cả th&aacute;ng 10 &acirc;m để tận dụng cơ hội. Được c&aacute;c sao tốt chiếu mệnh, họ sẽ đi xa hơn b&igrave;nh thường, thu về nhiều th&agrave;nh tựu khiến ch&iacute;nh họ, với bản t&iacute;nh thận trọng, &iacute;t khi liều lĩnh đầu tư, cũng phải ngạc nhi&ecirc;n.</p>\n\n<p><strong>Tuổi Dần</strong></p>\n\n<p><a href=\"https://cafebiz.cafebizcdn.vn/2019/11/10/photo-4-15733631965491766779792.png\" title=\"(Ảnh minh họa: Internet)\"><img alt=\" Sau Rằm tháng 10 âm có 7 con giáp gặp thời đổi vận, vượng tài vượng lộc, giàu có sung túc - Ảnh 5.\" height=\"\" src=\"https://cafebiz.cafebizcdn.vn/2019/11/10/photo-4-15733631965491766779792.png\" title=\" Sau Rằm tháng 10 âm có 7 con giáp gặp thời đổi vận, vượng tài vượng lộc, giàu có sung túc - Ảnh 5.\" width=\"\" /></a></p>\n\n<p>(Ảnh minh họa: Internet)</p>\n\n<p>&nbsp;</p>\n\n<p>Mạnh mẽ, độc lập v&agrave; liều lĩnh chẳng ai bằng, tuổi Dần lu&ocirc;n biết phải l&agrave;m thế n&agrave;o khi gặp kh&oacute; khăn v&agrave; cả khi thuận lợi, với c&aacute;c cơ hội tốt mở ra trước mắt. Trong năm Kỷ Hợi 2019, từ th&aacute;ng 4 đến th&aacute;ng 8, họ gặp đ&ocirc;i ch&uacute;t s&oacute;ng gi&oacute;, bị tiểu nh&acirc;n gi&egrave;m pha n&oacute;i xấu n&ecirc;n cuộc sống kh&ocirc;ng được su&ocirc;n sẻ.</p>\n\n<p>Tuy nhi&ecirc;n, từ th&aacute;ng 8 &acirc;m trở đi, những xui xẻo n&agrave;y sẽ nhường chỗ cho những hanh th&ocirc;ng, thuận lợi trong cuộc sống của tuổi Dần. Tử vi học c&oacute; n&oacute;i, từ Rằm th&aacute;ng 10 &acirc;m trở đi, tuổi Dần may mắn kh&ocirc;ng để đ&acirc;u cho hết, được lộc trời cho n&ecirc;n sẽ v&ocirc; c&ugrave;ng gi&agrave;u c&oacute;, sung t&uacute;c, thậm ch&iacute; l&agrave; một trong những con gi&aacute;p gi&agrave;u nhất v&agrave;o dịp cuối năm.</p>\n\n<p><strong>Tuổi M&ugrave;i</strong></p>\n\n<p><a href=\"https://cafebiz.cafebizcdn.vn/2019/11/10/photo-5-1573363196551329682559.jpg\" title=\"(Ảnh minh họa: Internet)\"><img alt=\" Sau Rằm tháng 10 âm có 7 con giáp gặp thời đổi vận, vượng tài vượng lộc, giàu có sung túc - Ảnh 6.\" height=\"\" src=\"https://cafebiz.cafebizcdn.vn/thumb_w/640/2019/11/10/photo-5-1573363196551329682559.jpg\" title=\" Sau Rằm tháng 10 âm có 7 con giáp gặp thời đổi vận, vượng tài vượng lộc, giàu có sung túc - Ảnh 6.\" width=\"\" /></a></p>\n\n<p>(Ảnh minh họa: Internet)</p>\n\n<p>&nbsp;</p>\n\n<p>Ki&ecirc;n cường, mạnh mẽ v&agrave; kh&ocirc;ng bao giờ bị đ&aacute;nh gục, tuổi M&ugrave;i coi những kh&oacute; khăn họ gặp phải l&agrave; thử th&aacute;ch để họ bước l&ecirc;n một nấc thang cao hơn m&agrave; th&ocirc;i. Sau 2 năm li&ecirc;n tiếp bị thử th&aacute;ch như vậy, năm Kỷ Hợi 2019 v&agrave; Canh T&yacute; 2020 l&agrave; l&uacute;c tuổi M&ugrave;i lấy lại những g&igrave; đ&atilde; mất, thậm ch&iacute; được đền b&ugrave; gấp nhiều lần.</p>\n\n<p>Tử vi học c&oacute; n&oacute;i, từ sau Rằm th&aacute;ng 10 &acirc;m, tuổi M&ugrave;i gặp được nhiều cơ hội tốt cho sự nghiệp. Nỗ lực m&agrave; họ bỏ ra đ&atilde; được cấp tr&ecirc;n nh&igrave;n nhận v&agrave; đ&aacute;nh gi&aacute; cao, n&ecirc;n việc thăng chức v&agrave; tăng lương được cho l&agrave; những điều tất yếu.</p>\n\n<p>Với những người tự kinh doanh th&igrave; cuối năm Kỷ Hợi cũng l&agrave; cơ hội tốt để họ đặt những vi&ecirc;n gạch nền m&oacute;ng v&agrave; gặt h&aacute;i th&agrave;nh c&ocirc;ng v&agrave;o dịp cuối năm nay v&agrave; đầu năm sau.</p>\n\n<p><strong>Tuổi Th&acirc;n</strong></p>\n\n<p><a href=\"https://cafebiz.cafebizcdn.vn/2019/11/10/photo-6-1573363196553486389879.png\" title=\"(Ảnh minh họa: Internet)\"><img alt=\" Sau Rằm tháng 10 âm có 7 con giáp gặp thời đổi vận, vượng tài vượng lộc, giàu có sung túc - Ảnh 7.\" height=\"\" src=\"https://cafebiz.cafebizcdn.vn/2019/11/10/photo-6-1573363196553486389879.png\" title=\" Sau Rằm tháng 10 âm có 7 con giáp gặp thời đổi vận, vượng tài vượng lộc, giàu có sung túc - Ảnh 7.\" width=\"\" /></a></p>\n\n<p>(Ảnh minh họa: Internet)</p>\n\n<p>&nbsp;</p>\n\n<p>Theo c&aacute;c chuy&ecirc;n gia phong thủy, tuổi Th&acirc;n l&agrave; những người th&ocirc;ng minh, s&aacute;ng dạ, hay c&oacute; những &yacute; tưởng s&aacute;ng tạo trong c&ocirc;ng việc. Ngay từ nhỏ, những tố chất n&agrave;y đ&atilde; thể hiện r&otilde; ở người tuổi Th&acirc;n, v&agrave; c&agrave;ng lớn l&ecirc;n, ch&uacute;ng sẽ đ&oacute;ng một vai tr&ograve; quan trọng gi&uacute;p mang lại nhiều th&agrave;nh c&ocirc;ng rực rỡ trong sự nghiệp cho họ.</p>\n\n<p>Đặc biệt, trong năm Kỷ Hợi 2019, tuổi Th&acirc;n sẽ x&acirc;y dựng được một sự nghiệp vững chắc v&agrave; đạt được nhiều th&agrave;nh quả t&iacute;ch cực. Đi k&egrave;m với đ&oacute;, họ cũng sẽ thu về nhiều lợi nhuận hơn hẳn những năm trước.</p>\n\n<p>Tử vi học c&oacute; n&oacute;i, từ sau Rằm th&aacute;ng 10, t&agrave;i lộc của tuổi Th&acirc;n kh&ocirc;ng những vượng ph&aacute;t, m&agrave; sẽ c&ograve;n duy tr&igrave; ổn định trong cả th&aacute;ng, gi&uacute;p họ c&oacute; nhiều cơ hội kiếm tiền tuyệt vời.</p>\n\n<p>*Th&ocirc;ng tin trong b&agrave;i chỉ mang t&iacute;nh tham khảo, mong cầu độc giả sẽ lu&ocirc;n c&oacute; c&aacute;i nh&igrave;n vui vẻ, lạc quan v&agrave; gặp nhiều may mắn trong cuộc sống.</p>\n\n<p><em>Theo Chinese New Year</em></p>\n\n<p><a href=\"http://cafebiz.vn/giat-title-soc-voi-cum-tu-quy-khoc-trong-vlog-moi-khoa-pug-bi-to-khong-ton-trong-phu-nu-2019110312371652.chn\" target=\"_blank\" title=\"Sự cố mới của Khoa Pug, giật title phụ nữ Nhật quỳ khóc xin cho cameraman được ăn: Hot Youtuber hứng gạch chỉ trích\">Sự cố mới của Khoa Pug, giật title &quot;phụ nữ Nhật quỳ kh&oacute;c xin cho cameraman được ăn&quot;: Hot Youtuber hứng gạch chỉ tr&iacute;ch</a></p>\n\n<p>&nbsp;</p>\n\n<p><strong>Theo Thanh Hương</strong></p>\n\n<p>Helino</p>', 'thang10.jpg', NULL, '2019-11-11 02:29:50', '2019-11-11 02:29:50');
INSERT INTO `posts` VALUES (11, 5, 'Quan Vũ: Thành bại đời người tiềm tàng trong thái độ kết giao bạn bè', 'thanh-bai-doi-nguoi', '<p>Mặc d&ugrave; bạn b&egrave; trước giờ kh&ocirc;ng c&oacute; ti&ecirc;u chuẩn cố định, nhưng một người bạn tốt thường sẽ l&agrave; một người c&oacute; một t&acirc;m hồn tương tự như bạn.</p>\n\n<p>Thời đại Tam Quốc, n&oacute;i về t&igrave;nh cảm huynh đệ, t&igrave;nh nghĩa qu&acirc;n thần, người ch&uacute;ng ta nghĩ đến đầu ti&ecirc;n nhất định l&agrave; Quan V&acirc;n Trường.</p>\n\n<p>Từ Quan Vũ, ch&uacute;ng ta c&oacute; thể nh&igrave;n ra được một điều: Th&igrave; ra, th&agrave;nh bại đời người nằm ở th&aacute;i độ kết giao bạn b&egrave;.</p>\n\n<p><strong>1. T&igrave;nh cảm bạn b&egrave; s&acirc;u sắc nằm ở t&igrave;nh th&acirc;m nghĩa trọng</strong></p>\n\n<p>Nếu n&oacute;i cuộc đời mỗi người đều tồn tại một n&uacute;t thắt quan trọng, thậm ch&iacute; c&oacute; thể gi&uacute;p thay đổi vận mệnh th&igrave; đối với Quan Vũ, n&uacute;t thắt đ&oacute; ch&iacute;nh l&agrave; khi gặp được Lưu Bị.</p>\n\n<p>Trước khi gặp Lưu Bị, Quan Vũ l&agrave; một phạm nh&acirc;n đang chạy trốn.</p>\n\n<p>V&igrave; căm gh&eacute;t bọn &aacute;c &ocirc;n, kh&ocirc;ng thể nh&igrave;n được cảnh b&aacute;ch t&iacute;nh v&ocirc; tội bị ức hiếp m&agrave; trong l&uacute;c tức giận, Quan Vũ đ&atilde; giết chết một t&ecirc;n địa chủ xấu xa ở qu&ecirc; nh&agrave;, cũng kể từ đ&oacute;, &ocirc;ng phải bỏ trốn lưu lạc khắp nơi.</p>\n\n<p>C&oacute; lẽ số trời an b&agrave;i, người anh h&ugrave;ng đ&atilde; được định sẵn sẽ bị bị b&atilde;o c&aacute;t v&ugrave;i dập, ch&iacute;nh tại Tr&aacute;c Ch&acirc;u, nơi hoa đ&agrave;o nở rộ ấy, Quan Vũ đ&atilde; gặp được người anh em đồng ch&iacute; hướng Lưu Bị.</p>\n\n<p>Trong &quot;Tam Quốc diễn nghĩa&quot; c&oacute; một ph&acirc;n đoạn như sau:</p>\n\n<p>Quan Vũ vừa mua đậu xanh, &ocirc;ng đẩy xe tới một qu&aacute;n rượu ngồi nghỉ ngơi một l&aacute;t.</p>\n\n<p>Bước v&agrave;o qu&aacute;n rượu, Quan Vũ h&agrave;o sảng n&oacute;i: &quot;Tiểu nhị, mau mang rượu ra đ&acirc;y, ta c&ograve;n đang vội v&agrave;o th&agrave;nh đầu qu&acirc;n.&quot;</p>\n\n<p>Giọng n&oacute;i vang lớn đầy uy lực đ&atilde; thu h&uacute;t sự ch&uacute; &yacute; của Lưu Bị. Lưu Bị đứng dậy, mời Quan Vũ lại c&ugrave;ng ngồi với m&igrave;nh.</p>\n\n<p>Đối mặt với một người lạ, Quan Vũ bỗng nhi&ecirc;n c&oacute; cảm gi&aacute;c đồng cảm, giống như đ&atilde; quen nhau từ l&acirc;u, một hơi kể hết chuyện qu&aacute; khứ của m&igrave;nh cho Lưu Bị nghe.</p>\n\n<p>Điều khiến Quan Vũ bất ngờ đ&oacute; l&agrave; Lưu Bị kh&ocirc;ng d&ugrave;ng con mắt của người đời để nh&igrave;n một t&ecirc;n phạm nh&acirc;n đang bỏ trốn như m&igrave;nh m&agrave; ngược lại đối đ&atilde;i với m&igrave;nh như huynh đệ ruột thịt, lại c&ograve;n tỏ ra rất tin tưởng &ocirc;ng.</p>\n\n<p>Lưu Bị sau khi chiếm được Từ Ch&acirc;u, để Quan Vũ trấn giữ th&agrave;nh Hạ B&igrave;, quyền lực như một th&aacute;i th&uacute;.</p>\n\n<p>Lưu Bị sau khi thu hồi được c&aacute;c quận Giang Nam đ&atilde; phong Quan Vũ l&agrave;m th&aacute;i th&uacute; Tương Dương, trấn giữ giang Bắc.</p>\n\n<p>Lưu Bị sau khi b&igrave;nh định được &Iacute;ch Ch&acirc;u đ&atilde; để Quan Vũ tổng gi&aacute;m sự vụ ở Kinh Ch&acirc;u.</p>\n\n<p>Lưu Bị đối với Quan Vũ l&agrave; &quot;c&oacute; ph&uacute;c c&ugrave;ng hưởng&quot;</p>\n\n<p>C&ograve;n Quan Vũ đối với Lưu Bị cũng lu&ocirc;n một l&ograve;ng giữ vững lời thề kh&ocirc;ng m&agrave;ng nguy hiểm, nguyện chết v&igrave; huynh trưởng.</p>\n\n<p><strong><em>Kết giao bạn b&egrave;, quan trọng l&agrave; ở chỗ c&ugrave;ng ch&iacute; hướng, t&acirc;m hồn tương th&ocirc;ng.</em></strong></p>\n\n<p><a href=\"https://cafebiz.cafebizcdn.vn/2019/11/8/luubi-15732046542191120574367-1573204876022844317525.png\" title=\"Ảnh minh họa: Internet\"><img alt=\"Quan Vũ: Thành bại đời người tiềm tàng trong thái độ kết giao bạn bè - Ảnh 1.\" height=\"\" src=\"https://cafebiz.cafebizcdn.vn/thumb_w/640/2019/11/8/luubi-15732046542191120574367-1573204876022844317525.png\" title=\"Quan Vũ: Thành bại đời người tiềm tàng trong thái độ kết giao bạn bè - Ảnh 1.\" width=\"\" /></a></p>\n\n<p>Ảnh minh họa: Internet</p>\n\n<p>Đối mặt với người anh em, người đồng ch&iacute; c&ugrave;ng ch&iacute; hướng, Quan Vũ lu&ocirc;n n&oacute;i lời giữ lời, khẳng kh&aacute;i d&ugrave;ng sự nhiệt huyết v&agrave; trung th&agrave;nh của m&igrave;nh để b&aacute;o đ&aacute;p lại t&igrave;nh cảm m&agrave; Lưu Bị d&agrave;nh cho m&igrave;nh.</p>\n\n<p>Kiến An năm thứ 5, T&agrave;o Th&aacute;o bỗng nhi&ecirc;n ph&aacute;t động c&ocirc;ng k&iacute;ch Lưu Bị, Lưu Bị khi đ&oacute; thế lực nhỏ, trở tay kh&ocirc;ng kịp, rơi v&agrave;o thế bị động, trong l&uacute;c qu&acirc;n loạn đ&atilde; may mắn chạy tho&aacute;t, đến nương nhờ Vi&ecirc;n Thiệu. C&ograve;n Quan Vũ v&igrave; kh&ocirc;ng may chạy v&agrave;o đường c&ugrave;ng m&agrave; phải đầu h&agrave;ng T&agrave;o Th&aacute;o.</p>\n\n<p>T&agrave;o Th&aacute;o v&ocirc; c&ugrave;ng coi trọng t&agrave;i hoa của Quan Vũ, đối xử với Quan Vũ rất tốt, lu&ocirc;n muốn Quan Vũ về dưới trướng của m&igrave;nh, thậm ch&iacute; c&ograve;n d&ugrave;ng t&igrave;nh ri&ecirc;ng để đ&aacute;nh động Quan Vũ.</p>\n\n<p>Trương Li&ecirc;u v&agrave; Quan Vũ l&agrave; bạn cũ, T&agrave;o Th&aacute;o v&igrave; muốn giữ Quan Vũ lại n&ecirc;n đ&atilde; nhờ Trương Li&ecirc;u d&ugrave;ng t&igrave;nh xưa nghĩa cũ đi thăm d&ograve; xem &yacute; Quan Vũ ra sao.</p>\n\n<p>Khi Trương Li&ecirc;u hỏi Quan vũ sau n&agrave;y dự định ra sao, chỉ thấy Quan Vũ ngẩng mặt l&ecirc;n trời, thở d&agrave;i n&oacute;i: &quot;Ta biết T&agrave;o c&ocirc;ng đối xử với ta rất tốt, nhưng Lưu tướng qu&acirc;n đối với ta t&igrave;nh th&acirc;m nghĩa trọng, lời thề sống chết c&oacute; nhau của ta v&agrave; huynh ấy, ta nhất định sẽ kh&ocirc;ng bao giờ phản bội!&quot;</p>\n\n<p>Đại trượng phu n&oacute;i được l&agrave;m được, cho tới cuối c&ugrave;ng, Quan Vũ vẫn lựa chọn đi t&igrave;m Lưu Bị nơi ngh&igrave;n tr&ugrave;ng xa x&ocirc;i.</p>\n\n<p>T&igrave;nh cảm huynh đệ, t&igrave;nh nghĩa qu&acirc;n thần, sống chết c&oacute; nhau, quyết kh&ocirc;ng phản bội, những điều n&agrave;y đ&atilde; trở th&agrave;nh t&igrave;nh bạn th&acirc;m sau giữa Lưu Bị v&agrave; Quan Vũ.</p>\n\n<p><strong><em>Đời người, gặp nhau th&igrave; dễ nhưng gặp được một người bạn t&acirc;m giao th&igrave; rất kh&oacute;. Cả đời đ&acirc;u dễ gặp được một người tri kỉ.</em></strong></p>\n\n<p><strong><em>Chỉ cần thực sự l&agrave; bạn, bất kể ngh&egrave;o kh&oacute; hay gi&agrave;u c&oacute; cũng n&ecirc;n tr&acirc;n trọng.</em></strong></p>\n\n<p><strong><em>Ti&ecirc;u chuẩn kết giao bạn b&egrave; của bạn c&oacute; thể n&oacute;i l&ecirc;n bạn l&agrave; con người ra sao.</em></strong></p>\n\n<p><strong><em>L&uacute;c gặp kh&oacute; khăn, kh&ocirc;ng bỏ bạn bỏ b&egrave;, khi gi&agrave;u c&oacute; ph&aacute;t t&agrave;i, kh&ocirc;ng bỏ bạn bỏ b&egrave;, đ&acirc;y mới l&agrave; định nghĩa một người bạn đ&iacute;ch thực.</em></strong></p>\n\n<p><a href=\"https://cafebiz.cafebizcdn.vn/2019/11/8/5-1473992310973-1573204731118104958298-15732048725441159163178.png\" title=\"Ảnh minh họa: Inetnet\"><img alt=\"Quan Vũ: Thành bại đời người tiềm tàng trong thái độ kết giao bạn bè - Ảnh 2.\" height=\"\" src=\"https://cafebiz.cafebizcdn.vn/thumb_w/640/2019/11/8/5-1473992310973-1573204731118104958298-15732048725441159163178.png\" title=\"Quan Vũ: Thành bại đời người tiềm tàng trong thái độ kết giao bạn bè - Ảnh 2.\" width=\"\" /></a></p>\n\n<p>Ảnh minh họa: Inetnet</p>\n\n<p><strong>2.&quot;Khu vực cấm&quot;trong kết giao bạn b&egrave;, đ&oacute; l&agrave; kh&ocirc;ng coi ai ra g&igrave;</strong></p>\n\n<p>Trọng t&igrave;nh nghĩa, c&oacute; &acirc;n b&aacute;o &acirc;n, đ&acirc;y l&agrave; những phẩm chất khiến Quan Vũ xứng đ&aacute;ng để kết giao. Nhưng sự hẹp h&ograve;i của Quan Vũ lại ch&iacute;nh l&agrave; thứ khiến &ocirc;ng c&oacute; một kết cục thảm hại v&agrave; đ&aacute;ng tiếc.</p>\n\n<p>Sau trận X&iacute;ch B&iacute;ch, v&igrave; Lưu Bị muốn chiếm đ&aacute;nh &Iacute;ch Ch&acirc;u, n&ecirc;n đ&atilde; điều Gia C&aacute;t Lượng, Trương Phi v&agrave; những người kh&aacute;c về Tứ Xuy&ecirc;n, để lại Quan Vũ trấn thủ Kinh Ch&acirc;u.</p>\n\n<p>Vậy l&agrave;, Quan Vũ trước giờ ngạo mạn trở th&agrave;nh h&agrave;ng x&oacute;m của T&ocirc;n Quyền.</p>\n\n<p>V&igrave; nghĩ đến đại cục, cũng v&igrave; rất xem trọng Quan Vũ m&agrave; T&ocirc;n Quyền ph&aacute;i sứ giả tới, thay con trai m&igrave;nh cầu h&ocirc;n con g&aacute;i của Quan Vũ.</p>\n\n<p>Vậy nhưng, T&ocirc;n Quyền, đường đường l&agrave; chủ nh&acirc;n v&ugrave;ng Giang Đ&ocirc;ng nhưng trong mắt Quan Vũ lại chỉ l&agrave; một hạt c&aacute;t.</p>\n\n<p>Quan Vũ kh&ocirc;ng chỉ ngạo mạn từ chối mối h&ocirc;n sự n&agrave;y m&agrave; c&ograve;n n&oacute;i năng ng&ocirc;ng cuồng trước mặt sứ giả của T&ocirc;n Quyền: &quot;Khuyển tử l&agrave;m sao xứng với hổ nữ?&quot;(&yacute; muốn n&oacute;i mối h&ocirc;n sự n&agrave;y kh&ocirc;ng m&ocirc;n đăng hộ đối, con trai T&ocirc;n Quyền kh&ocirc;ng xứng với con g&aacute;i Quan Vũ)</p>\n\n<p>Vị sứ giả im lặng ra về, Quan Vũ ki&ecirc;u ngạo đ&oacute;ng sầm cửa lại.</p>\n\n<p>Nhưng Quan Vũ kh&ocirc;ng biết rằng, họa số đời người lại tiềm t&agrave;ng trong ch&iacute;nh t&iacute;nh c&aacute;ch, tiềm t&agrave;ng trong những việc nhỏ m&agrave; &ocirc;ng coi thường.</p>\n\n<p><a href=\"https://cafebiz.cafebizcdn.vn/2019/11/8/quan-vu-1573204753356534340451-15732048697102120834089.png\" title=\"Ảnh minh họa: Internet\"><img alt=\"Quan Vũ: Thành bại đời người tiềm tàng trong thái độ kết giao bạn bè - Ảnh 3.\" height=\"\" src=\"https://cafebiz.cafebizcdn.vn/thumb_w/640/2019/11/8/quan-vu-1573204753356534340451-15732048697102120834089.png\" title=\"Quan Vũ: Thành bại đời người tiềm tàng trong thái độ kết giao bạn bè - Ảnh 3.\" width=\"\" /></a></p>\n\n<p>Ảnh minh họa: Internet</p>\n\n<p>Thời gian tr&ocirc;i tới năm 219.</p>\n\n<p>Ở Giang Đ&ocirc;ng, c&oacute; một vị tướng t&ecirc;n Lục Tốn.</p>\n\n<p>Lục Tốn tuổi trẻ t&agrave;i cao, văn v&otilde; tinh th&ocirc;ng, nhưng lại kh&ocirc;ng c&oacute; danh tiếng g&igrave;, một lần, v&igrave; được L&atilde; M&ocirc;ng giới thiệu n&ecirc;n đ&atilde; được T&ocirc;n Quyền trọng dụng.</p>\n\n<p>Lục Tốn nắm r&otilde; khuyết điểm t&iacute;nh c&aacute;ch của Quan Vũ trong l&ograve;ng b&agrave;n tay. Ngay khi vừa nhậm chức, Lực Tốn lập tức ph&aacute;i sứ giả đem lễ vật v&agrave; thư t&iacute;n đến phủ Quan Vũ.</p>\n\n<p>Trong thư khen ngợi Quan Vũ hết lời, c&ograve;n ngỏ &yacute; tuyệt đối kh&ocirc;ng d&aacute;m đối địch với Quan Vũ.</p>\n\n<p>Nhận được bức thư tới từ một kẻ v&ocirc; danh, lại to&agrave;n l&agrave; khen m&igrave;nh, Quan Vũ phổng mũi, v&ocirc; c&ugrave;ng đắc &yacute;.</p>\n\n<p>Quan Vũ lơ l&agrave; cảnh gi&aacute;c, đưa ra ph&aacute;n đo&aacute;n sai lầm trong việc qu&acirc;n, đem hết hậu phương để ph&ograve;ng qu&acirc;n Ng&ocirc; ra chiến tuyến đ&aacute;nh qu&acirc;n T&agrave;o.</p>\n\n<p>Cuối c&ugrave;ng, qu&acirc;n Ng&ocirc; nh&acirc;n thời cơ đ&atilde; cải trang th&agrave;nh c&aacute;c thương nh&acirc;n, chiếm lấy Kinh Ch&acirc;u dễ như trở b&agrave;n tay.</p>\n\n<p>Quan Vũ chạy đến Mạch Th&agrave;nh, cuối c&ugrave;ng bị chặt đầu m&agrave; chết.</p>\n\n<p>Hồi tưởng lại gia đoạn lịch sử n&agrave;y, c&oacute; người n&oacute;i, Quan Vũ thất bại l&agrave; bởi &ocirc;ng qu&aacute; sơ &yacute;.</p>\n\n<p>Thực ra, đ&oacute; gọi l&agrave; trong sự ngẫu nhi&ecirc;n tiềm t&agrave;ng c&aacute;i tất nhi&ecirc;n.</p>\n\n<p>T&igrave;nh bạn, giống như c&acirc;n thăng bằng, ti&ecirc;u chuẩn đầu ti&ecirc;n của n&oacute; ch&iacute;nh l&agrave; sự c&ocirc;ng bằng.</p>\n\n<p>C&aacute;i gọi l&agrave; b&igrave;nh đẳng kh&ocirc;ng phải chỉ tuổi t&aacute;c, cũng kh&ocirc;ng phải sự b&igrave;nh đẳng về t&agrave;i ph&uacute;, cũng kh&ocirc;ng phải sự b&igrave;nh đẳng về học vấn m&agrave; l&agrave; sự t&ocirc;n trọng lẫn nhau trong t&acirc;m l&yacute;.</p>\n\n<p>Một b&ecirc;n lu&ocirc;n giữ cho m&igrave;nh cảm gi&aacute;c thắng thế, kh&ocirc;ng đối xử ch&acirc;n th&agrave;nh với người kh&aacute;c th&igrave; đoạn t&igrave;nh cảm n&agrave;y sẽ rất nhanh bị biến chất, kh&ocirc;ng thể đi được tới cuối c&ugrave;ng.</p>\n\n<p>Một người, nếu suốt ng&agrave;y coi người kh&aacute;c kh&ocirc;ng ra g&igrave;, trong mắt kh&ocirc;ng c&oacute; một ai, vậy th&igrave; đ&acirc;u đ&acirc;u cũng sẽ l&agrave; kẻ th&ugrave;, mất đi rất nhiều cơ hội kết giao bạn b&egrave;, v&agrave; một người nếu đ&acirc;u đ&acirc;u cũng l&agrave; kẻ địch vậy th&igrave; thất bại, cũng chỉ l&agrave; vấn đề thời gian m&agrave; th&ocirc;i.</p>\n\n<p><a href=\"https://cafebiz.cafebizcdn.vn/2019/11/8/quan-vu-1-15732047774551985803170-15732048666091314109627.png\" title=\"Ảnh minh họa: Internet\"><img alt=\"Quan Vũ: Thành bại đời người tiềm tàng trong thái độ kết giao bạn bè - Ảnh 4.\" height=\"\" src=\"https://cafebiz.cafebizcdn.vn/thumb_w/640/2019/11/8/quan-vu-1-15732047774551985803170-15732048666091314109627.png\" title=\"Quan Vũ: Thành bại đời người tiềm tàng trong thái độ kết giao bạn bè - Ảnh 4.\" width=\"\" /></a></p>\n\n<p>Ảnh minh họa: Internet</p>\n\n<p><strong><em>Kết bạn l&agrave; một sự tu h&agrave;nh.</em></strong></p>\n\n<p><strong><em>Trượng nghĩa v&agrave; ph&uacute;c b&aacute;o lu&ocirc;n như h&igrave;nh với b&oacute;ng, ngạo mạn v&agrave; họa b&aacute;o cũng tương quan mật thiết.</em></strong></p>\n\n<p><strong><em>Trong kết giao bạn b&egrave;, bạn c&agrave;ng ch&acirc;n th&agrave;nh, c&agrave;ng khoan dung độ lượng th&igrave; con đường bạn đi sau n&agrave;y sẽ c&agrave;ng đi c&agrave;ng rộng.</em></strong></p>\n\n<p><strong><em>Kết bạn c&agrave;ng biết cảm k&iacute;ch, c&agrave;ng biết b&aacute;o &acirc;n th&igrave; sẽ c&agrave;ng c&oacute; nhiều người t&igrave;nh nguyện ra tay gi&uacute;p đỡ khi bạn gặp kh&oacute; khăn.</em></strong></p>\n\n<p><strong><em>Bạn ngạo mạn với bạn b&egrave; một phần, rạn nứt sẽ s&acirc;u th&ecirc;m một tầng, con đường sau n&agrave;y c&agrave;ng đi c&agrave;ng hẹp.</em></strong></p>\n\n<p>Kh&ocirc;ng c&oacute; t&igrave;nh bạn n&agrave;o c&oacute; thể chịu được tổn thương v&agrave; phụ l&ograve;ng.</p>\n\n<p>Kh&ocirc;ng c&oacute; t&igrave;nh bạn n&agrave;o chịu được ngạo mạn v&agrave; định kiến.</p>\n\n<p>Kh&ocirc;ng biết Quan Vũ trong những gi&acirc;y ph&uacute;t cuối đời, liệu đ&atilde; từng hối hận qua?</p>\n\n<p><a href=\"http://cafebiz.vn/giat-title-soc-voi-cum-tu-quy-khoc-trong-vlog-moi-khoa-pug-bi-to-khong-ton-trong-phu-nu-2019110312371652.chn\" target=\"_blank\" title=\"Sự cố mới của Khoa Pug, giật title phụ nữ Nhật quỳ khóc xin cho cameraman được ăn: Hot Youtuber hứng gạch chỉ trích\">Sự cố mới của Khoa Pug, giật title &quot;phụ nữ Nhật quỳ kh&oacute;c xin cho cameraman được ăn&quot;: Hot Youtuber hứng gạch chỉ tr&iacute;ch</a></p>\n\n<p><strong>Duhaoshu</strong></p>\n\n<p>Theo Tr&iacute; Thức Trẻ</p>', 'quanvu.jpg', NULL, '2019-11-11 02:31:07', '2019-11-11 02:31:07');
INSERT INTO `posts` VALUES (12, 5, '1001 thắc mắc: Núi mọc thế nào, vì sao núi không cao lên mãi?', 'nui-moc-the-nao', '<p><strong>N&uacute;i được h&igrave;nh th&agrave;nh như thế n&agrave;o?</strong></p>\n\n<p>Sự chuyển động của vỏ Tr&aacute;i đất h&igrave;nh th&agrave;nh n&ecirc;n n&uacute;i. V&agrave;o khoảng v&agrave;i triệu năm về trước, lục địa tr&ecirc;n Tr&aacute;i đất chỉ l&agrave; những mảng lớn, ch&uacute;ng kh&ocirc;ng d&iacute;nh liền với nhau v&agrave; va đập, x&ocirc; đẩy lẫn nhau h&igrave;nh th&agrave;nh n&ecirc;n sự chuyển động của vỏ Tr&aacute;i đất.</p>\n\n<p>Việc n&agrave;y l&agrave;m cho một số nơi bị dồn lại th&agrave;nh từng đống lớn. Đ&acirc;y ch&iacute;nh l&agrave; những ngọn n&uacute;i đầu ti&ecirc;n của Tr&aacute;i đất. Về sau qua rất nhiều những biến động kh&aacute;c nhau đ&atilde; h&igrave;nh th&agrave;nh n&ecirc;n những ngọn n&uacute;i m&agrave; ng&agrave;y nay ch&uacute;ng ta nh&igrave;n thấy.</p>\n\n<p>N&uacute;i l&agrave; dạng địa h&igrave;nh phổ biến của Tr&aacute;i Đất, chiếm 52% diện t&iacute;ch ch&acirc;u &Aacute;, 36% Bắc Mỹ, 25% ch&acirc;u &Acirc;u, 22% nam Mỹ, 17% của Australia, khoảng 33% bề mặt ch&acirc;u &Acirc;u v&agrave; 24% bề mặt Tr&aacute;i Đất.</p>\n\n<p>Chiều cao của n&uacute;i thường được t&iacute;nh từ mặt nước biển. D&atilde;y Himalaya c&oacute; chiều cao trung b&igrave;nh l&agrave; 5 km t&iacute;nh từ mặt nước biển, c&ograve;n d&atilde;y Andes l&agrave; 4 km. Phần lớn c&aacute;c d&atilde;y n&uacute;i kh&aacute;c cao trung b&igrave;nh từ 2 đến 2,5 km. Everest, thuộc d&atilde;y Hymalaya với độ cao 8848 m t&iacute;nh từ mặt nước biển, l&agrave; đỉnh n&uacute;i cao nhất thế giới.</p>\n\n<p>Tuy nhi&ecirc;n, nếu t&iacute;nh từ t&acirc;m Tr&aacute;i Đất th&igrave; phần lồi ra xa t&acirc;m nhất l&agrave; đỉnh Chimborazo, thuộc d&atilde;y Andes ở Ecuador. Chiều cao 6272 m t&iacute;nh từ mặt nước biển của n&oacute; thậm ch&iacute; thấp hơn đỉnh cao nhất của d&atilde;y Andes, nhưng do ellipsoid của Tr&aacute;i Đất ph&igrave;nh ra ở x&iacute;ch đạo v&agrave; Chimborazo lại gần x&iacute;ch đạo, n&ecirc;n n&oacute; cao hơn 2150 m so với Everest, nếu t&iacute;nh từ t&acirc;m Tr&aacute;i Đất.</p>\n\n<p>Nếu t&iacute;nh từ đ&aacute;y biển th&igrave; Mauna Kea, thuộc Hawaii, Hoa Kỳ l&agrave; đỉnh c&oacute; chiều cao lớn nhất. Phần trồi tr&ecirc;n mặt nước biển chỉ cao 4205 m, nhưng phần nằm dưới mặt nước khoảng 6000 m, tổng cộng 10205 m.</p>\n\n<p>Với chiều cao 26 km, cao hơn hẳn so với c&aacute;c ngọn n&uacute;i tr&ecirc;n Tr&aacute;i Đất (Andrew Fraknoi et al., 2004), n&uacute;i Olympus tr&ecirc;n Sao Hỏa hiện nay được coi l&agrave; ngọn n&uacute;i cao nhất trong Hệ Mặt Trời.</p>\n\n<p>Ở Việt nam, những d&atilde;y n&uacute;i đ&aacute;ng ch&uacute; &yacute; gồm: D&atilde;y Trường Sơn d&atilde;y n&uacute;i chạy dọc đất nước, k&eacute;o d&agrave;i theo miền Trung - T&acirc;y Nguy&ecirc;n ra tận biển; Phan Xi Păng - đỉnh n&uacute;i cao nhất Đ&ocirc;ng Dương; N&uacute;i Tam Đảo; N&uacute;i B&agrave; Đen - thắng cảnh của T&acirc;y Ninh; N&uacute;i B&agrave; N&agrave; - thắng cảnh của Đ&agrave; Nẵng; Bảy N&uacute;i, thuộc An Giang; Ngọc Linh l&agrave; ngọn n&uacute;i cao nhất miền Nam, nơi đ&acirc;y c&oacute; lo&agrave;i nh&acirc;n s&acirc;m của Việt Nam rất nổi tiếng.</p>', 'nui.jpg', NULL, '2019-11-11 02:32:06', '2019-11-11 02:32:06');
INSERT INTO `posts` VALUES (13, 5, '1977 Vlog: \'Chúng tôi đơn giản bị ngáo\'', '1997-vlog-chung-toi-don-gian-bi-ngao', '<p><strong>L&agrave;m phim xưa để n&oacute;i chuyện nay</strong></p>\n\n<p>Cuối th&aacute;ng 8/2019, trong khi cả cộng đồng mạng đang rần rần tranh c&atilde;i việc c&oacute; n&ecirc;n sử dụng ch&uacute; ch&oacute; Shiba cho bộ phim L&atilde;o Hạc hay kh&ocirc;ng, th&igrave; ở một qu&aacute;n tr&agrave; đ&aacute;, c&oacute; 3 ch&agrave;ng trai trẻ đang ngồi t&aacute;n gẫu, rồi đột nhi&ecirc;n nảy ra &yacute; tưởng l&agrave;m một clip vui về l&atilde;o Hạc, &ocirc;ng gi&aacute;o v&agrave; ch&uacute; ch&oacute; Shiba. Tất cả đều ngẫu hứng, tr&ecirc;n tinh thần vui l&agrave; ch&iacute;nh. V&agrave;i ng&agrave;y sau, video &quot;Spoil phim mới Cậu V&agrave;ng cực mạnh (Cậu V&agrave;ng Trong Vai Ch&oacute; Shiba)&rdquo; ra đời, v&agrave; ngay lập tức thu h&uacute;t cộng đồng mạng, đ&aacute;nh dấu sự ra đời của nh&oacute;m vlog 1977.</p>\n\n<p>Thừa thắng x&ocirc;ng l&ecirc;n, nh&oacute;m l&agrave;m tiếp &ldquo;Hồi k&yacute; của một d&acirc;n chơi &ndash; Ch&iacute; Ph&egrave;o&rdquo;, &ldquo;Vợ chồng A Phủ Parody &ndash; V&ograve;ng xo&aacute;y của bạc&rdquo;, &ldquo;Chị Dậu Parody &ndash; Kỷ nguy&ecirc;n hắc &aacute;m&rdquo;. Clip n&agrave;o cũng đạt h&agrave;ng triệu view chỉ trong thời gian ngắn. Sau hơn hai th&aacute;ng th&agrave;nh lập, 1977 vlog &ldquo;l&agrave;m mưa l&agrave;m gi&oacute;&rdquo; tr&ecirc;n mạng x&atilde; hội v&agrave; giới vlogger. Chỉ với 2 tr&ecirc;n 3 clip xuất hiện, 1977 vlog gi&agrave;nh được N&uacute;t Bạc Youtube, v&agrave; rất nhanh sau đ&oacute;, khi clip thứ 4 tr&igrave;nh l&agrave;ng v&agrave;i ng&agrave;y, k&ecirc;nh Youtube của 3 ch&agrave;ng trai trẻ Nguyễn Trung Anh, Nguyễn Việt Anh (anh em sinh đ&ocirc;i sinh năm 1992) v&agrave; Nguyễn Văn T&acirc;n (em họ, sinh năm 2001) đ&atilde; ẵm trọn N&uacute;t V&agrave;ng danh gi&aacute;.</p>\n\n<p>N&oacute;i về slogan &ldquo;Ch&uacute;ng t&ocirc;i đơn giản bị ng&aacute;o&rdquo;, Trung Anh cho biết: &ldquo;Ng&aacute;o ở đ&acirc;y l&agrave; ng&aacute;o sự lương thiện, ng&aacute;o văn học, ng&aacute;o những &yacute; nghĩa tốt đẹp trong cuộc sống chứ kh&ocirc;ng phải ng&aacute;o đ&aacute;&rdquo;. Lấy cảm hứng từ c&aacute;c t&aacute;c phẩm văn học kinh điển như L&atilde;o Hạc, Ch&iacute; Ph&egrave;o, Vợ Chồng A Phủ n&ecirc;n nội dung c&aacute;c video của 1977 Vlog v&ocirc; c&ugrave;ng quen thuộc, dễ hiểu. M&agrave;u sắc đen trắng của video đậm chất phim truyền h&igrave;nh Việt Nam trước giải ph&oacute;ng với nhịp độ chậm r&atilde;i. Lời thoại ngắn sử dụng c&acirc;u n&oacute;i &ldquo;trend&rdquo; tr&ecirc;n mạng x&atilde; hội v&agrave; lối diễn xuất h&agrave;i hước cũng l&agrave; điểm ri&ecirc;ng thu h&uacute;t cộng đồng mạng.</p>\n\n<p>Trong c&aacute;c clip, người xem thấy Mỵ, A Phủ, chị Dậu, l&atilde;o Hạc, Ch&iacute; Ph&egrave;o&hellip; sẽ giao tiếp với nhau bằng những ng&ocirc;n ngữ h&agrave;i hước của thời @. Kh&ocirc;ng những thế, h&agrave;ng loạt vấn đề n&oacute;ng của x&atilde; hội đều được cập nhật như vụ Alibaba, Huấn hoa hồng, vụ việc h&agrave;nh kh&aacute;ch ăn trộm tr&ecirc;n m&aacute;y bay, tuyển diễn vi&ecirc;n cậu V&agrave;ng, t&agrave;i ch&iacute;nh phố Wall&hellip; cũng được kh&eacute;o l&eacute;o c&agrave;i cắm. Những c&acirc;u thoại h&oacute;m hỉnh như: &ldquo;Em ra Nội B&agrave;i, lấy mấy c&aacute;i &aacute;o phao, cả nh&agrave; m&igrave;nh bơi qua s&ocirc;ng M&ecirc; K&ocirc;ng rồi trốn sang L&agrave;o&hellip;&rdquo;; &ldquo;H&atilde;y sống đẹp như những con thi&ecirc;n nga của Chai - cốp - sờ - ki&rdquo;&hellip; nhanh ch&oacute;ng trở th&agrave;nh những c&acirc;u n&oacute;i g&acirc;y sốt tr&ecirc;n mạng x&atilde; hội.</p>\n\n<p>C&aacute;c th&agrave;nh vi&ecirc;n của nh&oacute;m chia sẻ, định hướng l&acirc;u d&agrave;i của 1977 sẽ l&agrave; thực hiện những seri về t&aacute;c phẩm văn học, thậm ch&iacute; c&oacute; thể sẽ đi s&acirc;u v&agrave;o từng nh&acirc;n vật. &ldquo;Qua những clip n&agrave;y, bọn m&igrave;nh muốn tạo ra giả thuyết những nh&acirc;n vật xưa nếu họ sống ở thời b&acirc;y giờ sẽ l&agrave; ai, số phận ấy v&agrave;o thời điểm hiện tại sẽ như thế n&agrave;o? Ch&iacute; Ph&egrave;o khi kh&ocirc;ng c&ograve;n nghiện rượu, rạch mặt ăn vạ nữa th&igrave; sẽ c&oacute; th&oacute;i hư tật xấu n&agrave;o? Bọn m&igrave;nh mượn những c&aacute;i ng&agrave;y xưa để n&oacute;i tới c&acirc;u chuyện b&acirc;y giờ&rdquo;, Việt Anh cho biết.</p>\n\n<p><a href=\"https://cafebiz.cafebizcdn.vn/2019/11/10/photo-1-15733552428331611978475.jpg\" title=\"Một cảnh trong video “Chị Dậu Parody – Kỷ nguyên hắc ám” của nhóm 1977.\"><img alt=\"1977 Vlog: Chúng tôi đơn giản bị ngáo - Ảnh 1.\" height=\"\" src=\"https://cafebiz.cafebizcdn.vn/thumb_w/640/2019/11/10/photo-1-15733552428331611978475.jpg\" title=\"1977 Vlog: Chúng tôi đơn giản bị ngáo - Ảnh 1.\" width=\"\" /></a></p>\n\n<p>Một cảnh trong video &ldquo;Chị Dậu Parody &ndash; Kỷ nguy&ecirc;n hắc &aacute;m&rdquo; của nh&oacute;m 1977.</p>\n\n<p>&nbsp;</p>\n\n<p><strong>Đo&agrave;n phim&hellip; ngh&egrave;o nhất Việt Nam</strong></p>\n\n<p>Th&agrave;nh c&ocirc;ng nổi đ&igrave;nh nổi đ&aacute;m l&agrave; vậy, nhưng &iacute;t ai biết chi ph&iacute; sản xuất mỗi video của 1977 chỉ khoảng&hellip; 200 ng&agrave;n đồng. Số tiền n&agrave;y để chi cho việc thu&ecirc; trang phục v&agrave; đạo cụ. Thiết bị quay duy nhất của họ l&agrave; một c&aacute;i m&aacute;y t&iacute;nh bảng, thiết bị dựng l&agrave; chiếc m&aacute;y t&iacute;nh để b&agrave;n, kh&ocirc;ng hề đi k&egrave;m bất cứ một c&ocirc;ng cụ hỗ trợ n&agrave;o. Những clip của 1977 Vlog cũng kh&ocirc;ng đ&ograve;i hỏi nhiều về phục trang, thậm ch&iacute; c&oacute; clip chỉ cần thu&ecirc; đ&uacute;ng một bộ quần &aacute;o. Phim hầu như kh&ocirc;ng c&oacute; hiệu ứng g&igrave;, ngo&agrave;i việc chuyển thể sang đen trắng. C&aacute;c đoạn clip cắt gh&eacute;p lại rồi được ch&iacute;nh th&agrave;nh vi&ecirc;n của nh&oacute;m lồng tiếng.</p>\n\n<p>Tuy nhi&ecirc;n, nh&oacute;m cũng chia sẻ, v&igrave; tiết kiệm chi ph&iacute; sản xuất n&ecirc;n mất nhiều thời gian hơn, vất vả hơn khi mỗi người phải đảm nhiệm rất nhiều c&ocirc;ng việc kh&aacute;c nhau. Trung b&igrave;nh nh&oacute;m sẽ mất 1 tuần để cho ra đời một sản phẩm. Thường họ sẽ c&oacute; 3- 4 ng&agrave;y quay, 3 ng&agrave;y lồng tiếng v&agrave; d&agrave;n dựng, chỉnh sửa để c&oacute; một clip 4 ph&uacute;t. Cứ hai người diễn th&igrave; một người quay.</p>\n\n<p>M&aacute;y t&iacute;nh bảng cũ, pin chai n&ecirc;n quay hết pin lại chạy v&agrave;o sạc. Với những cảnh quay ban đ&ecirc;m, họ phải đốt nến để quay, thậm ch&iacute; c&oacute; cảnh, một người l&agrave;m diễn vi&ecirc;n, một người quay c&ograve;n một người r&uacute; xe m&aacute;y l&ecirc;n để hắt s&aacute;ng v&agrave;o. Hầu như h&ocirc;m n&agrave;o đi quay cũng lọ mọ đến 1,2 giờ s&aacute;ng. Phim trường của nh&oacute;m rất đơn giản, đ&oacute; l&agrave; b&atilde;i đất ven bờ s&ocirc;ng gần nh&agrave;, nơi người d&acirc;n đang r&agrave;o lại để trồng rau, trồng chuối.</p>\n\n<p>Trong clip Vợ chồng A Phủ, nh&oacute;m quay tr&ecirc;n ph&ograve;ng thờ của gia đ&igrave;nh. &quot;Khổ nhất l&agrave; mỗi lần lồng tiếng, 2 anh em đ&oacute;ng k&iacute;n cửa trong ph&ograve;ng, d&ugrave;ng phần mềm tr&ecirc;n m&aacute;y t&iacute;nh bảng để ghi &acirc;m. Người n&agrave;y n&oacute;i th&igrave; người kia kh&ocirc;ng được cử động v&igrave; sợ lẫn tiếng, đến quạt cũng kh&ocirc;ng d&aacute;m bật&quot;, Việt Anh kể.</p>\n\n<p>Gia đ&igrave;nh kh&ocirc;ng c&oacute; ai theo nghệ thuật, cả 3 ch&agrave;ng trai đến với 1977 ho&agrave;n to&agrave;n bằng đam m&ecirc; với phim ảnh v&agrave; tự m&agrave;y m&ograve;. Tốt nghiệp phổ th&ocirc;ng, hai anh em Trung Anh- Việt Anh từng thi v&agrave;o trường ĐH S&acirc;n khấu điện ảnh nhưng kh&ocirc;ng đỗ. Sau đ&oacute; cả hai g&aacute;c lại giấc mơ diễn xuất để thi v&agrave;o trường ĐH Thăng Long.</p>\n\n<p>Hiện tại, mỗi người đều đang theo đuổi c&ocirc;ng việc ri&ecirc;ng: Việt Anh l&agrave; d&acirc;n lập tr&igrave;nh game, Trung Anh l&agrave; bi&ecirc;n tập vi&ecirc;n, Văn T&acirc;n l&agrave; sinh vi&ecirc;n năm nhất Trường ĐH Kinh doanh v&agrave; C&ocirc;ng nghệ H&agrave; Nội nhưng đam m&ecirc; l&agrave;m phim đ&atilde; k&eacute;o ba anh em lại với nhau để tạo n&ecirc;n những sản phẩm g&acirc;y tiếng vang, vừa mang t&iacute;nh giải tr&iacute; vừa gửi gắm mong muốn chuyển tải đến c&aacute;c bạn trẻ t&igrave;nh y&ecirc;u văn học.</p>\n\n<p><a href=\"http://cafebiz.vn/vu-ly-hon-keo-dai-13-nam-va-phi-chia-tay-dat-do-nhat-lich-su-nuoc-anh-co-vo-noi-tro-nhung-thong-minh-vat-kiet-den-muc-ong-chong-ty-phu-phai-khon-don-20191110084626953.chn\" target=\"_blank\" title=\"Vụ ly hôn kéo dài 13 năm và phí chia tay đắt đỏ nhất lịch sử nước Anh: Cô vợ nội trợ nhưng thông minh “vắt kiệt” đến mức ông chồng tỷ phú phải khốn đốn\">Vụ ly h&ocirc;n k&eacute;o d&agrave;i 13 năm v&agrave; ph&iacute; chia tay đắt đỏ nhất lịch sử nước Anh: C&ocirc; vợ nội trợ nhưng th&ocirc;ng minh &ldquo;vắt kiệt&rdquo; đến mức &ocirc;ng chồng tỷ ph&uacute; phải khốn đốn</a></p>\n\n<p><strong>Theo Diệp Anh</strong></p>\n\n<p>Tiền Phong</p>', 'vlog.jpg', NULL, '2019-11-11 02:33:11', '2019-11-11 02:33:11');
INSERT INTO `posts` VALUES (14, 2, 'Một ngày thần chết sẽ nghỉ hưu: Con người đang định nghĩa lại cái chết và tìm cách đảo ngược nó', 'mot-ngay-than-chet-nghi-hu', '<p>Nếu đang đọc được b&agrave;i viết n&agrave;y, bạn chắc chắn vẫn c&ograve;n sống. Bạn biết sự sống l&agrave; như thế n&agrave;o, đ&oacute; l&agrave; khi bạn điều khiển được cơ thể v&agrave; suy nghĩ của m&igrave;nh, bạn hoạt động v&agrave; hệ thần kinh của bạn cũng hoạt động.</p>\n\n<p>Nhưng c&ograve;n c&aacute;i chết th&igrave; sao, ch&iacute;nh x&aacute;c th&igrave; c&aacute;i chết l&agrave; g&igrave;, chết sẽ như thế n&agrave;o?</p>\n\n<p><a href=\"https://cafebiz.cafebizcdn.vn/2019/11/10/photo-1-1573347726942478999855.gif\" title=\"\"><img alt=\"Một ngày thần chết sẽ nghỉ hưu: Con người đang định nghĩa lại cái chết và tìm cách đảo ngược nó - Ảnh 1.\" height=\"\" src=\"https://cafebiz.cafebizcdn.vn/2019/11/10/photo-1-1573347726942478999855.gif\" title=\"Một ngày thần chết sẽ nghỉ hưu: Con người đang định nghĩa lại cái chết và tìm cách đảo ngược nó - Ảnh 1.\" width=\"\" /></a></p>\n\n<p>C&acirc;u hỏi tưởng chừng ngớ ngẩn n&agrave;y lại đang l&agrave;m kh&oacute; c&aacute;c nh&agrave; khoa học thần kinh. Một trong số đ&oacute; l&agrave; Christof Koch, chủ tịch Viện Khoa học N&atilde;o bộ Allen ở Seattle, Hoa Kỳ.</p>\n\n<p>Trong một b&agrave;i viết c&oacute; tựa đề &quot;<em>C&aacute;i chết c&oacute; thể được đảo ngược hay kh&ocirc;ng?</em>&quot; đăng tr&ecirc;n tạp ch&iacute; Scientific American, Koch đ&atilde; phải vật lộn trong suy nghĩ, những kết quả nghi&ecirc;n cứu v&agrave; quy ước của thế giới để đưa ra định nghĩa về c&aacute;i chết.</p>\n\n<p>Nhưng &ocirc;ng ấy vẫn kh&ocirc;ng th&agrave;nh c&ocirc;ng. H&oacute;a ra, c&aacute;i chết mang nhiều sắc th&aacute;i hơn bạn nghĩ.</p>\n\n<p><a href=\"https://cafebiz.cafebizcdn.vn/2019/11/10/photo-1-15733477302562101540954.png\" title=\"\"><img alt=\"Một ngày thần chết sẽ nghỉ hưu: Con người đang định nghĩa lại cái chết và tìm cách đảo ngược nó - Ảnh 2.\" height=\"\" src=\"https://cafebiz.cafebizcdn.vn/thumb_w/640/2019/11/10/photo-1-15733477302562101540954.png\" title=\"Một ngày thần chết sẽ nghỉ hưu: Con người đang định nghĩa lại cái chết và tìm cách đảo ngược nó - Ảnh 2.\" width=\"\" /></a></p>\n\n<p>Xuy&ecirc;n suốt lịch sử, con người từng nghĩ m&igrave;nh biết c&aacute;i chết l&agrave; g&igrave;. Khi ai đ&oacute; ngừng thở v&agrave; tr&aacute;i tim họ ngừng đập, người đ&oacute; được coi l&agrave; đ&atilde; chết. C&aacute;i chết được định nghĩa như vậy l&agrave; một thời điểm mang t&iacute;nh ph&acirc;n định r&otilde; r&agrave;ng. Trước đ&oacute; bạn sống, nhưng sau nhịp đập cuối c&ugrave;ng của tr&aacute;i tim, bạn chết.</p>\n\n<p>Nhưng tới giữa thế kỷ 20, mọi thứ đ&atilde; thay đổi sau sự ra đời của m&aacute;y thở v&agrave; m&aacute;y tạo nhịp tim. Chăm s&oacute;c y tế chuy&ecirc;n s&acirc;u sử dụng c&ocirc;ng nghệ cao đ&atilde; t&aacute;ch tr&aacute;i tim v&agrave; phổi ra khỏi n&atilde;o bộ, thứ chịu tr&aacute;ch nhiệm cho t&acirc;m tr&iacute;, suy nghĩ v&agrave; h&agrave;nh động của bạn.</p>\n\n<p>Để đối ph&oacute; với những ph&aacute;t triển c&ocirc;ng nghệ n&agrave;y, v&agrave;o năm 1968, Trường Y Harvard đ&atilde; th&agrave;nh lập một ủy ban để đưa ra kh&aacute;i niệm mới về c&aacute;i chết. Họ gọi n&oacute; l&agrave; sự h&ocirc;n m&ecirc; kh&ocirc;ng thể đảo ngược &ndash; sự mất chức năng n&atilde;o bộ.</p>\n\n<p>Điều n&agrave;y đặt nền tảng cho một đạo luật ở Mỹ v&agrave;o năm 1981, đưa ra định nghĩa thống nhất về c&aacute;i chết l&agrave; sự chấm dứt kh&ocirc;ng thể đảo ngược của c&aacute;c chức năng tuần ho&agrave;n v&agrave; h&ocirc; hấp hoặc tạm dừng kh&ocirc;ng thể đảo ngược của chức năng n&atilde;o bộ.</p>\n\n<p>Rất đơn giản, khi bộ n&atilde;o của bạn chết, bạn được coi l&agrave; đ&atilde; chết.</p>\n\n<p>Kh&ocirc;ng chỉ được sử dụng ở Mỹ, nh&igrave;n chung định nghĩa n&agrave;y cũng được chấp nhận ở hầu hết c&aacute;c quốc gia ti&ecirc;n tiến tr&ecirc;n thế giới. Thế l&agrave;, vị tr&iacute; của c&aacute;i chết đ&atilde; được chuyển từ ngực l&ecirc;n n&atilde;o. Thời gian để x&aacute;c định c&aacute;i chết kh&ocirc;ng c&ograve;n c&oacute; thể ph&acirc;n định r&otilde;.</p>\n\n<p><a href=\"https://cafebiz.cafebizcdn.vn/2019/11/10/photo-2-1573347730259220692787.png\" title=\"\"><img alt=\"Một ngày thần chết sẽ nghỉ hưu: Con người đang định nghĩa lại cái chết và tìm cách đảo ngược nó - Ảnh 3.\" height=\"\" src=\"https://cafebiz.cafebizcdn.vn/thumb_w/640/2019/11/10/photo-2-1573347730259220692787.png\" title=\"Một ngày thần chết sẽ nghỉ hưu: Con người đang định nghĩa lại cái chết và tìm cách đảo ngược nó - Ảnh 3.\" width=\"\" /></a></p>\n\n<p>Thế nhưng, sự thật l&agrave; phần lớn c&aacute;c c&aacute;i chết vẫn xảy ra sau sự kiện ngừng tim phổi, thứ sau đ&oacute; cũng chấm dứt mọi hoạt động của n&atilde;o bộ. Những c&aacute;i chết về mặt thần kinh thường chỉ xuất hiện trong c&aacute;c khu chăm s&oacute;c đặc biệt của bệnh viện (ICU), nơi c&oacute; những bệnh nh&acirc;n chấn thương sọ n&atilde;o hoặc h&ocirc;n m&ecirc; s&acirc;u.</p>\n\n<p>Những c&aacute;i chết n&agrave;y được x&aacute;c định bởi t&igrave;nh trạng h&ocirc;n m&ecirc; kh&ocirc;ng hồi phục, kh&ocirc;ng c&oacute; phản ứng, phản xạ th&acirc;n n&atilde;o hoặc h&ocirc; hấp.</p>\n\n<p>Đến đ&acirc;y, c&aacute;i chết của n&atilde;o c&oacute; thể l&agrave; một yếu tố mang t&iacute;nh quyết định để định nghĩa c&aacute;i chết của cả một con người. Nhưng n&oacute; vẫn kh&ocirc;ng thể thay thế to&agrave;n bộ chẩn đo&aacute;n l&acirc;m s&agrave;ng, bởi tr&ecirc;n thực tế, c&aacute;c qu&aacute; tr&igrave;nh sinh học vẫn c&oacute; thể diễn ra ngay cả khi n&atilde;o bộ đ&atilde; ngừng hoạt động.</p>\n\n<p>Thật vậy, một cơ thể chết n&atilde;o c&oacute; thể được duy tr&igrave; sự &quot;<em>sống</em>&quot; bằng c&aacute;c thiết bị hỗ trợ trong nhiều giờ, nhiều ng&agrave;y thậm ch&iacute; l&acirc;u hơn thế. Đối với những người th&acirc;n v&agrave; bạn b&egrave; của một người chết n&atilde;o, thật kh&oacute; để hiểu những g&igrave; đang xảy ra.</p>\n\n<p>Khi đến ICU, họ thấy lồng ngực của bệnh nh&acirc;n vẫn phồng l&ecirc;n xẹp xuống, họ sờ thấy mạch đập, nước da chỉ hơi nhợt nhạt so với b&igrave;nh thường v&agrave; cả cơ thể vẫn ấm &aacute;p. Nhưng người th&acirc;n y&ecirc;u của họ nằm đ&oacute; thực ra đ&atilde; l&agrave; một x&aacute;c chết, một x&aacute;c chết c&oacute; tr&aacute;i tim c&ograve;n đập.</p>\n\n<p>Thi thể ấy chỉ được duy tr&igrave; h&ocirc; hấp v&agrave; tuần ho&agrave;n, lơ lửng giữa sự sống v&agrave; c&aacute;i chết, bởi họ sẽ l&agrave; những người hiến tạng tiềm năng. Nếu được sự đồng &yacute; từ ph&iacute;a gia đ&igrave;nh, c&aacute;c cơ quan nội tạng trong x&aacute;c chết đ&oacute; sẽ được thu thập để gh&eacute;p cho những người cần đến ch&uacute;ng.</p>\n\n<p><a href=\"https://cafebiz.cafebizcdn.vn/2019/11/10/photo-3-15733477302602005186270.png\" title=\"\"><img alt=\"Một ngày thần chết sẽ nghỉ hưu: Con người đang định nghĩa lại cái chết và tìm cách đảo ngược nó - Ảnh 4.\" height=\"\" src=\"https://cafebiz.cafebizcdn.vn/thumb_w/640/2019/11/10/photo-3-15733477302602005186270.png\" title=\"Một ngày thần chết sẽ nghỉ hưu: Con người đang định nghĩa lại cái chết và tìm cách đảo ngược nó - Ảnh 4.\" width=\"\" /></a></p>\n\n<p>Đ&aacute;ng ngạc nhi&ecirc;n l&agrave; cơ thể của người chết n&atilde;o vẫn duy tr&igrave; được nhiều qu&aacute; tr&igrave;nh sinh l&yacute;. Họ tiếp tục mọc m&oacute;ng tay, c&oacute; kinh nguyệt, một số chức năng miễn dịch vẫn hoạt động giữ cho cơ thể kh&ocirc;ng bị nhiễm tr&ugrave;ng v&agrave; ph&acirc;n hủy.</p>\n\n<p>C&aacute;c t&agrave;i liệu y tế ghi lại &iacute;t nhất 30 trường hợp c&aacute;c b&agrave; mẹ chết n&atilde;o trong khi mang thai vẫn được đặt m&aacute;y thở để duy tr&igrave; sự sống cho thai nhi. Sau một v&agrave;i tuần, v&agrave;i th&aacute;ng, kỷ lục l&agrave; 107 ng&agrave;y, thai nhi vẫn ch&agrave;o đời v&agrave; sống s&oacute;t khi người mẹ đ&atilde; chết n&atilde;o.</p>\n\n<p>Trong một c&acirc;u chuyện thu h&uacute;t được nhiều sự quan t&acirc;m v&agrave;o năm 2018, một người phụ nữ trẻ t&ecirc;n l&agrave; Jahi McMath ở New Yorker đ&atilde; được gia đ&igrave;nh duy tr&igrave; sự sống tại nh&agrave; suốt 5 năm sau khi chết n&atilde;o.</p>\n\n<p>Dưới g&oacute;c độ luật ph&aacute;p v&agrave; c&agrave; y tế, McMath đ&atilde; chết từ 6 năm trước. Nhưng đối với gia đ&igrave;nh y&ecirc;u thương của m&igrave;nh, c&ocirc; chỉ mới ra đi một năm v&igrave; chứng suy gan.</p>\n\n<p><a href=\"https://cafebiz.cafebizcdn.vn/2019/11/10/photo-4-15733477302611213794462.png\" title=\"\"><img alt=\"Một ngày thần chết sẽ nghỉ hưu: Con người đang định nghĩa lại cái chết và tìm cách đảo ngược nó - Ảnh 5.\" height=\"\" src=\"https://cafebiz.cafebizcdn.vn/thumb_w/640/2019/11/10/photo-4-15733477302611213794462.png\" title=\"Một ngày thần chết sẽ nghỉ hưu: Con người đang định nghĩa lại cái chết và tìm cách đảo ngược nó - Ảnh 5.\" width=\"\" /></a></p>\n\n<p>Quay trở lại định nghĩa tốt nhất hiện nay ch&uacute;ng ta c&oacute; về c&aacute;i chết, bạn c&oacute; thể thấy tr&aacute;i tim của n&oacute; l&agrave; cụm từ &quot;<em>kh&ocirc;ng thể đảo ngược</em>&quot;. Cũng như sự ra đời của m&aacute;y thở v&agrave; m&aacute;y tạo nhịp tim ở thế kỷ 20, liệu ch&uacute;ng ta một lần nữa c&oacute; thể sử dụng c&ocirc;ng nghệ để đảo ngược c&aacute;c qu&aacute; tr&igrave;nh chết n&atilde;o? Nếu l&agrave;m được, c&aacute;i chết một lần nữa sẽ cần phải được định nghĩa lại.</p>\n\n<p>Điều n&agrave;y dẫn ch&uacute;ng ta đến một nghi&ecirc;n cứu vừa được c&ocirc;ng bố hồi th&aacute;ng tư năm nay, trong đ&oacute;, c&aacute;c nh&agrave; khoa học đ&atilde;&nbsp;<em>&quot;hồi sinh</em>&quot; được một bộ n&atilde;o lợn d&ugrave; n&oacute; đ&atilde; chết sau 4 tiếng.</p>\n\n<p><a href=\"https://cafebiz.cafebizcdn.vn/2019/11/10/photo-5-15733477302621692168551.png\" title=\"\"><img alt=\"Một ngày thần chết sẽ nghỉ hưu: Con người đang định nghĩa lại cái chết và tìm cách đảo ngược nó - Ảnh 6.\" height=\"\" src=\"https://cafebiz.cafebizcdn.vn/2019/11/10/photo-5-15733477302621692168551.png\" title=\"Một ngày thần chết sẽ nghỉ hưu: Con người đang định nghĩa lại cái chết và tìm cách đảo ngược nó - Ảnh 6.\" width=\"\" /></a></p>\n\n<p>Nghi&ecirc;n cứu hồi sinh n&atilde;o lợn được thực hiện bởi c&aacute;c nh&agrave; khoa học đến từ Đại học Yale Hoa Kỳ. Trong đ&oacute;, họ đ&atilde; thu thập 32 bộ n&atilde;o của những con lợn bị giết thịt tại l&ograve; mổ.</p>\n\n<p>C&aacute;c nh&agrave; khoa học để bộ n&atilde;o chết trong 4 tiếng đồng hồ, sau đ&oacute;, họ kết nối n&oacute; v&agrave;o một hệ thống được gọi l&agrave; BrainEx. Hệ thống n&agrave;y gồm c&oacute; 3 phần: Phần thứ nhất gi&uacute;p t&aacute;i tạo hoạt động bơm m&aacute;u của tim. Cỗ m&aacute;y sẽ nhịp nh&agrave;ng bơm một chất lỏng thiết kế đặc biệt, chứa m&aacute;u ở 37<sup>o</sup>C, oxy v&agrave; thuốc v&agrave;o bộ n&atilde;o. C&aacute;c nh&agrave; khoa học cho biết điều n&agrave;y c&oacute; t&aacute;c dụng tạm ngừng qu&aacute; tr&igrave;nh chết của c&aacute;c tế b&agrave;o.</p>\n\n<p>Phần thứ hai của hệ thống cũng l&agrave; một thiết bị tuần ho&agrave;n m&aacute;u, nhưng bơm c&aacute;c dung dịch bắt chước c&aacute;c cơ quan hỗ trợ xung quanh bộ n&atilde;o, gi&uacute;p đảo ngược qu&aacute; tr&igrave;nh chết của tế b&agrave;o. Phần thứ ba v&agrave; cũng l&agrave; cuối c&ugrave;ng của BrainEx l&agrave; một thủ thuật phẫu thuật được sử dụng để c&ocirc; lập bộ n&atilde;o.</p>\n\n<p>Qu&aacute; tr&igrave;nh hồi sinh n&agrave;y được c&aacute;c nh&agrave; khoa học tại Đại học Yale tiến h&agrave;nh li&ecirc;n tục trong 6 giờ đồng hồ.</p>\n\n<p>Trong b&aacute;o c&aacute;o nghi&ecirc;n cứu được c&ocirc;ng bố tr&ecirc;n tạp ch&iacute; Nature, c&aacute;c nh&agrave; khoa học cho biết những bộ n&atilde;o lợn đ&atilde; chết được 4 tiếng. Nhưng sau khi xử l&yacute; bằng BrainEx, ch&uacute;ng đ&atilde; giảm được tốc độ chết tế b&agrave;o n&atilde;o, phục hồi được c&aacute;c mạch m&aacute;u v&agrave; một số hoạt động chức năng.</p>\n\n<p>Một trong số những phần n&atilde;o hồi sinh chứa c&aacute;c khớp thần kinh hoạt động trở lại. Ch&uacute;ng l&agrave; c&aacute;c con đường kết nối giữa những tế b&agrave;o n&atilde;o kh&aacute;c nhau, cho ph&eacute;p c&aacute;c nơron thần kinh giao tiếp.</p>\n\n<p>Bộ n&atilde;o cũng thể hiện phản ứng b&igrave;nh thường với thuốc, v&agrave; sử dụng một lượng oxy tương đương với một bộ n&atilde;o sống b&igrave;nh thường để tồn tại. To&agrave;n bộ những ghi ch&eacute;p n&agrave;y được r&uacute;t ra từ quan s&aacute;t ở thời điểm 10 tiếng đồng hồ, sau khi những con lợn bị chặt đầu.</p>\n\n<p><a href=\"https://cafebiz.cafebizcdn.vn/2019/11/10/photo-6-15733477302631037293359.gif\" title=\"\"><img alt=\"Một ngày thần chết sẽ nghỉ hưu: Con người đang định nghĩa lại cái chết và tìm cách đảo ngược nó - Ảnh 7.\" height=\"\" src=\"https://cafebiz.cafebizcdn.vn/2019/11/10/photo-6-15733477302631037293359.gif\" title=\"Một ngày thần chết sẽ nghỉ hưu: Con người đang định nghĩa lại cái chết và tìm cách đảo ngược nó - Ảnh 7.\" width=\"\" /></a></p>\n\n<p>Sự thiếu vắng duy nhất l&agrave;m n&ecirc;n sự sống cho bộ n&atilde;o lợn trong th&iacute; nghiệm n&agrave;y l&agrave; những s&oacute;ng n&atilde;o, thể hiện bằng c&aacute;c bản ghi điện n&atilde;o đồ (EEG) zig zag m&agrave; bạn c&oacute; thể đ&atilde; biết. C&aacute;c nh&agrave; khoa học đ&atilde; đặt điện cực l&ecirc;n bề mặt những bộ n&atilde;o n&agrave;y để xem ch&uacute;ng c&oacute; bắt được t&iacute;n hiệu n&agrave;o hay kh&ocirc;ng.</p>\n\n<p>Nhưng c&acirc;u trả lời l&agrave; kh&ocirc;ng. Chẳng c&oacute; những s&oacute;ng chậm n&agrave;o diễu h&agrave;nh tr&ecirc;n bản giấy ghi như khi một người đang ngủ, cũng chẳng c&oacute; một đỉnh s&oacute;ng n&agrave;o nhảy l&ecirc;n một c&aacute;ch đột ngột. Tất cả chỉ l&agrave; một đường thẳng băng đại diện cho sự vắng mặt của &quot;linh hồn&quot; v&agrave; &yacute; thức.</p>\n\n<p>Mặc d&ugrave; vậy, nh&oacute;m nghi&ecirc;n cứu kh&ocirc;ng bất ngờ. Ch&iacute;nh họ đ&atilde; pha một loại thuốc ức chế chức năng thần kinh v&agrave;o dung dịch tuần ho&agrave;n của bộ n&atilde;o. Bởi nếu để linh hồn con lợn quay trở lại, n&oacute; sẽ l&agrave; một rắc rối lớn.</p>\n\n<p>Kh&ocirc;ng c&oacute; nhiều người ủng hộ việc mang một &quot;linh hồn&quot; trở lại trong một bộ n&atilde;o kh&ocirc;ng c&oacute; th&acirc;n thể, để rồi lại phải giết chết n&oacute; một lần nữa, ngay cả khi đ&oacute; chỉ l&agrave; một con lợn.</p>\n\n<p>Mặc d&ugrave; vậy, họ đ&atilde; chứng minh tiềm năng của việc n&agrave;y, bằng c&aacute;ch lấy một mảnh m&ocirc; thần kinh nhỏ từ bộ n&atilde;o lợn, rửa sạch dung dịch m&aacute;u v&agrave; sau đ&oacute; k&iacute;ch th&iacute;ch từng tế b&agrave;o thần kinh ri&ecirc;ng lẻ th&ocirc;ng qua một điện cực nhỏ. Một số c&aacute;c tế b&agrave;o trong số n&agrave;y đ&atilde; phản ứng với k&iacute;ch th&iacute;ch n&agrave;y bằng một hoặc một loạt c&aacute;c xung điện rập khu&ocirc;n giống với một hệ thần kinh phức tạp.</p>\n\n<p>Ph&aacute;t hiện n&agrave;y đặt ra một c&acirc;u hỏi s&acirc;u sắc: Điều g&igrave; sẽ xảy ra nếu nh&oacute;m nghi&ecirc;n cứu tại Yale kh&ocirc;ng pha th&ecirc;m c&aacute;c chất ức chế thần kinh v&agrave;o dung dịch m&aacute;u của họ?</p>\n\n<p>Nhiều khả năng, vẫn chẳng c&oacute; g&igrave; xảy ra cả. Chỉ v&igrave; một số tế b&agrave;o thần kinh ri&ecirc;ng lẻ duy tr&igrave; đ&aacute;p ứng k&iacute;ch th&iacute;ch kh&ocirc;ng c&oacute; nghĩa l&agrave; h&agrave;ng triệu triệu tế b&agrave;o thần kinh c&oacute; thể tự tổ chức v&agrave; vận h&agrave;nh để tạo n&ecirc;n một &quot;linh hồn&quot; c&oacute; nhận thức thực sự.</p>\n\n<p>Nhưng c&acirc;u chuyện kh&ocirc;ng dừng lại ở đ&oacute;. Ch&uacute;ng ta cũng kh&ocirc;ng thể loại trừ khả năng một số k&iacute;ch th&iacute;ch từ b&ecirc;n ngo&agrave;i, một loại m&aacute;y khử rung vỏ n&atilde;o chẳng hạn, sẽ khởi động lại được những bộ n&atilde;o đ&atilde; chết n&agrave;y, như ch&uacute;ng ta d&ugrave;ng m&aacute;y khử rung để hồi sinh tr&aacute;i tim.</p>\n\n<p>Điều n&agrave;y dẫn ch&uacute;ng ta đến t&igrave;nh huống c&oacute; một coi voi trong ph&ograve;ng. Nếu ch&uacute;ng ta c&oacute; thể ph&aacute;t triển một một thủ tục y tế như vậy, c&oacute; n&ecirc;n &aacute;p dụng n&oacute; với n&atilde;o người hay kh&ocirc;ng? Trước khi ai đ&oacute; muốn b&agrave;n l&ugrave;i chuyện n&agrave;y, h&atilde;y nghĩ về một v&agrave;i t&igrave;nh huống sau đ&acirc;y.</p>\n\n<p>Bạn sẽ muốn l&agrave;m g&igrave; nếu con bạn hoặc vợ bạn bị ph&aacute;t hiện đ&atilde; chết đuối sau nhiều giờ, kh&ocirc;ng c&ograve;n mạch v&agrave; kh&ocirc;ng c&ograve;n hơi thở? Tại thời điểm n&agrave;y, họ được cho l&agrave; đ&atilde; chết. Nhưng t&igrave;nh huống c&oacute; thể được thay đổi ho&agrave;n to&agrave;n v&agrave;o một ng&agrave;y m&agrave; loại c&ocirc;ng nghệ hồi sinh n&atilde;o bộ được ph&aacute;t triển th&agrave;nh c&ocirc;ng.</p>\n\n<p><a href=\"https://cafebiz.cafebizcdn.vn/2019/11/10/photo-7-1573347730264595881159.png\" title=\"\"><img alt=\"Một ngày thần chết sẽ nghỉ hưu: Con người đang định nghĩa lại cái chết và tìm cách đảo ngược nó - Ảnh 8.\" height=\"\" src=\"https://cafebiz.cafebizcdn.vn/thumb_w/640/2019/11/10/photo-7-1573347730264595881159.png\" title=\"Một ngày thần chết sẽ nghỉ hưu: Con người đang định nghĩa lại cái chết và tìm cách đảo ngược nó - Ảnh 8.\" width=\"\" /></a></p>\n\n<p>Nền tảng của n&oacute; c&oacute; thể ch&iacute;nh l&agrave; hệ thống BrainEx của đại học Yale. Đ&oacute; c&oacute; phải l&agrave; một mục ti&ecirc;u đ&aacute;ng để theo đuổi?</p>\n\n<p>N&atilde;o lợn l&agrave; một bộ n&atilde;o lớn, kh&ocirc;ng giống như chuột, lo&agrave;i động vật th&iacute; nghiệm được d&ugrave;ng phổ biến nhất. Vỏ n&atilde;o lợn cũng c&oacute; nhiều nếp gấp giống như vỏ n&atilde;o của con người. Ngay tại thời điểm n&agrave;y, c&aacute;c thủ tục phẫu thuật thần kinh vẫn thường được thử nghiệm tr&ecirc;n lợn trước khi chuyển sang thử nghiệm tr&ecirc;n người.</p>\n\n<p>V&igrave; vậy, c&acirc;u trả lời về mặt kỹ thuật l&agrave; c&oacute;; về nguy&ecirc;n tắc, ch&uacute;ng ta c&oacute; thể theo đuổi một c&ocirc;ng nghệ hồi sinh n&atilde;o bộ như vậy. Nhưng đ&aacute;ng l&agrave; một chuyện, ch&uacute;ng ta c&oacute; n&ecirc;n l&agrave;m điều đ&oacute; hay kh&ocirc;ng?</p>\n\n<p>C&acirc;u trả lời của Koch l&agrave; kh&ocirc;ng, dựa tr&ecirc;n đạo đức khoa học. &Ocirc;ng sẽ kh&ocirc;ng ủng hộ việc đưa một con lợn hay thậm ch&iacute; một ai đ&oacute; sống lại với sự đau đớn, khuyết tật hoặc căng thẳng như một t&aacute;c dụng phụ của những c&ocirc;ng nghệ chưa ho&agrave;n thiện.</p>\n\n<p>Nhưng cũng theo Koch kh&ocirc;ng phải nh&agrave; khoa học n&agrave;o cũng giữ được đạo đức. Giống như c&acirc;u chuyện hai b&eacute; g&aacute;i biến đổi gen được tạo ra ở Trung Quốc v&agrave;o cuối năm ngo&aacute;i, khi lĩnh vực hồi sinh n&atilde;o bộ tiến đủ xa, v&agrave;o một l&uacute;c n&agrave;o đ&oacute;, ở đ&acirc;u đ&oacute; tr&ecirc;n thế giới sẽ lại c&oacute; một nh&agrave; khoa học bất chấp mọi thứ, vượt qua lằn ranh giới mong manh để đ&aacute;nh bại thần chết.</p>\n\n<p>Thật kh&oacute; c&oacute; thể tưởng tượng khu&ocirc;n mặt của vị thần khi đ&oacute;, kh&ocirc;ng biết người ta sẽ vui hay buồn nhiều hơn v&agrave;o ng&agrave;y m&igrave;nh nghỉ hưu?</p>\n\n<p>Tham khảo&nbsp;<em>Scientificamerican, Washingtonpost</em></p>\n\n<p><em><a href=\"http://cafebiz.vn/startup-giai-quyet-kho-khan-di-thue-cho-thue-nha-tro-20191108091144859.chn\" target=\"_blank\" title=\"Startup “giải quyết khó khăn đi thuê &amp; cho thuê nhà trọ\">Startup &ldquo;giải quyết kh&oacute; khăn đi thu&ecirc; &amp; cho thu&ecirc; nh&agrave; trọ&quot;</a></em></p>\n\n<p>&nbsp;</p>\n\n<p><strong>Theo ZKNIGHT; THIẾT KẾ: TRƯỜNG DƯƠNG</strong></p>\n\n<p>Tri thức trẻ</p>', 'thanchet.jpg', NULL, '2019-11-11 02:35:26', '2019-11-11 02:35:26');
COMMIT;

-- ----------------------------
-- Table structure for roles
-- ----------------------------
DROP TABLE IF EXISTS `roles`;
CREATE TABLE `roles` (
  `id` int(20) NOT NULL AUTO_INCREMENT,
  `title` varchar(191) COLLATE utf8_unicode_ci DEFAULT NULL,
  `deleted_at` timestamp NULL DEFAULT NULL,
  `created_at` timestamp NULL DEFAULT NULL ON UPDATE CURRENT_TIMESTAMP,
  `updated_at` timestamp NULL DEFAULT NULL ON UPDATE CURRENT_TIMESTAMP,
  PRIMARY KEY (`id`)
) ENGINE=InnoDB AUTO_INCREMENT=9 DEFAULT CHARSET=utf8 COLLATE=utf8_unicode_ci;

-- ----------------------------
-- Records of roles
-- ----------------------------
BEGIN;
INSERT INTO `roles` VALUES (1, 'root', NULL, '2019-11-09 18:33:21', '2019-11-09 18:33:21');
INSERT INTO `roles` VALUES (2, 'author', NULL, '2019-11-09 14:29:40', '2019-11-09 14:29:43');
INSERT INTO `roles` VALUES (3, 'user', NULL, '2019-11-11 16:29:53', '2019-11-11 16:29:55');
COMMIT;

-- ----------------------------
-- Table structure for users
-- ----------------------------
DROP TABLE IF EXISTS `users`;
CREATE TABLE `users` (
  `id` bigint(20) unsigned NOT NULL AUTO_INCREMENT,
  `role_id` int(20) DEFAULT NULL,
  `name` varchar(191) COLLATE utf8mb4_unicode_ci NOT NULL,
  `email` varchar(191) COLLATE utf8mb4_unicode_ci NOT NULL,
  `password` varchar(191) COLLATE utf8mb4_unicode_ci NOT NULL,
  `admin` int(20) NOT NULL,
  `deleted_at` timestamp NULL DEFAULT NULL,
  `remember_token` varchar(100) COLLATE utf8mb4_unicode_ci DEFAULT NULL,
  `created_at` timestamp NULL DEFAULT NULL,
  `updated_at` timestamp NULL DEFAULT NULL,
  PRIMARY KEY (`id`),
  UNIQUE KEY `users_email_unique` (`email`)
) ENGINE=InnoDB AUTO_INCREMENT=9 DEFAULT CHARSET=utf8mb4 COLLATE=utf8mb4_unicode_ci;

-- ----------------------------
-- Records of users
-- ----------------------------
BEGIN;
INSERT INTO `users` VALUES (1, 1, 'root', 'root@gmail.com', '$2y$10$2bXEoeEyF6OUMyZePTuXU.SbfuB8EtGrEU8Wt.ITxv1gIzGpv6F2y', 1, NULL, NULL, '2019-11-08 07:54:44', '2019-11-08 07:54:44');
INSERT INTO `users` VALUES (2, 2, 'Author', 'author@gmail.com', '$2y$10$lM40FTxXYEnTqVaOQyHyD.K8xDSWWukgFXAdUiZqOtKCcNnz8I0uq', 1, NULL, NULL, '2019-11-08 07:59:00', '2019-11-08 07:59:00');
INSERT INTO `users` VALUES (3, 2, 'Author2', 'author2@gmail.com', '$2y$10$Js7LFJE5MEc8DFEov0QD5OiQxnelR/21clEL.bX8TvFgIr.X1InL6', 1, NULL, NULL, '2019-11-09 10:01:35', '2019-11-09 10:01:35');
INSERT INTO `users` VALUES (4, 3, 'User Magent', 'usermagent@gmail.com', '$2y$10$Ol0quCilgJed9apruBVE0eiEklFnY13Jlra4KDtHY19U8XrdPfKlG', 1, NULL, NULL, '2019-11-09 10:25:33', '2019-11-09 10:25:33');
INSERT INTO `users` VALUES (5, 2, 'Author3', 'author3@gmail.com', '$2y$10$r9pRfOFS2XVQ1KRsNm1MaepMSu2xxiE2rJxiLOoZq1w3qdmc3yfwi', 1, NULL, NULL, '2019-11-09 11:19:38', '2019-11-09 11:19:38');
INSERT INTO `users` VALUES (6, 2, 'Author1', 'author1@gmail.com', '$2y$10$WD85WVHYF0yGcxK/FEOzX.ZwN1M8F.mcKva57eQVbdPU9ouGs7BxG', 1, NULL, NULL, '2019-11-09 15:27:31', '2019-11-09 15:27:31');
INSERT INTO `users` VALUES (7, 3, 'User Magent 2', 'usermagent2@gmail.com', '$2y$10$9FDeHTzrFRiDF9V3DdamsOvAb8DoyEAour93RvqVFSeVPrCJtmo1i', 1, NULL, NULL, '2019-11-09 15:28:03', '2019-11-09 15:28:03');
INSERT INTO `users` VALUES (8, NULL, 'NGUYỄN TẤT TIẾN', 'tien.nguyentat.1@gmail.com', '$2y$10$nMo7O4u/UaVzfh44UdSyHOOmbKwhHjWAOZly/exGwxrxi0hJo0786', 0, NULL, NULL, '2019-11-10 10:04:47', '2019-11-11 10:15:22');
COMMIT;

SET FOREIGN_KEY_CHECKS = 1;
